motorista_id,cidade,tempo_plataforma_meses,corridas_por_semana,avaliacao_media,ganho_medio_semanal_r$,cancelamentos_mes,suporte_acionado,bonus_recebido,churn,status,motivo_saida,faixa_ganho,faixa_tempo
1,São Paulo,12,5,4.6,686.77,2,0,1,0,Ativo,—,600–800,6–12m
2,Fortaleza,7,1,4.6,569.38,2,0,1,0,Ativo,—,400–600,6–12m
3,Belo Horizonte,29,7,4.6,937.9,4,0,0,0,Ativo,—,800–1k,24–36m
4,Rio de Janeiro,11,5,4.6,934.22,4,0,0,0,Ativo,—,800–1k,6–12m
5,São Paulo,33,1,4.6,811.66,1,1,0,0,Ativo,—,800–1k,24–36m
6,São Paulo,6,1,4.6,667.93,1,1,1,0,Ativo,—,600–800,3–6m
7,São Paulo,15,8,4.6,700.28,0,0,1,0,Ativo,—,600–800,12–24m
8,Curitiba,32,6,4.6,444.65,3,1,0,0,Ativo,—,400–600,24–36m
9,Rio de Janeiro,11,7,4.6,922.59,1,1,1,0,Ativo,—,800–1k,6–12m
10,Belo Horizonte,23,8,4.6,915.53,6,1,0,0,Ativo,—,800–1k,12–24m
11,São Paulo,26,5,4.6,437.66,1,0,1,0,Ativo,—,400–600,24–36m
12,Recife,34,5,4.6,873.53,1,0,0,0,Ativo,—,800–1k,24–36m
13,Curitiba,34,4,4.6,780.82,3,1,0,0,Ativo,—,600–800,24–36m
14,São Paulo,29,3,4.6,495.61,3,1,1,0,Ativo,—,400–600,24–36m
15,São Paulo,4,4,4.6,458.8,0,1,1,0,Ativo,—,400–600,3–6m
16,São Paulo,17,7,4.6,774.7,2,1,1,0,Ativo,—,600–800,12–24m
17,São Paulo,35,5,4.6,620.46,1,0,0,0,Ativo,—,600–800,24–36m
18,Rio de Janeiro,13,8,4.6,1063.99,3,0,0,0,Ativo,—,>1k,12–24m
19,Rio de Janeiro,15,4,4.6,890.52,1,0,0,0,Ativo,—,800–1k,12–24m
20,São Paulo,29,5,4.6,794.74,3,0,1,0,Ativo,—,600–800,24–36m
21,Rio de Janeiro,29,6,4.6,804.62,5,1,1,0,Ativo,—,800–1k,24–36m
22,São Paulo,11,5,4.6,966.17,0,0,0,0,Ativo,—,800–1k,6–12m
23,São Paulo,32,6,4.6,869.3,1,0,0,0,Ativo,—,800–1k,24–36m
24,São Paulo,2,3,4.6,799.95,2,1,1,0,Ativo,—,600–800,0–3m
25,Rio de Janeiro,14,5,4.6,503.95,1,0,0,0,Ativo,—,400–600,12–24m
26,Belo Horizonte,20,1,4.6,1312.39,5,1,1,1,Inativo (Churn),Migrou p/ concorrente,>1k,12–24m
27,São Paulo,22,4,4.6,479.36,1,1,0,1,Inativo (Churn),Migrou p/ concorrente,400–600,12–24m
28,Rio de Janeiro,11,4,4.6,637.49,3,0,1,0,Ativo,—,600–800,6–12m
29,Rio de Janeiro,27,6,4.6,369.05,2,0,1,0,Ativo,—,<400,24–36m
30,São Paulo,3,9,4.6,807.76,2,0,1,0,Ativo,—,800–1k,0–3m
31,Rio de Janeiro,17,5,4.6,730.22,0,0,1,0,Ativo,—,600–800,12–24m
32,São Paulo,28,6,4.6,853.06,2,0,0,0,Ativo,—,800–1k,24–36m
33,São Paulo,29,5,4.6,352.19,2,0,1,0,Ativo,—,<400,24–36m
34,Fortaleza,21,6,4.6,922.58,4,1,1,0,Ativo,—,800–1k,12–24m
35,Recife,16,1,4.6,538.51,0,0,0,0,Ativo,—,400–600,12–24m
36,Curitiba,20,3,4.6,670.2,3,1,0,0,Ativo,—,600–800,12–24m
37,São Paulo,6,4,4.6,886.31,3,0,0,0,Ativo,—,800–1k,3–6m
38,São Paulo,19,4,4.6,752.25,3,0,1,0,Ativo,—,600–800,12–24m
39,Belo Horizonte,5,0,4.6,766.39,2,1,0,0,Ativo,—,600–800,3–6m
40,Rio de Janeiro,3,2,4.6,859.84,0,0,1,0,Ativo,—,800–1k,0–3m
41,São Paulo,1,3,4.6,785.76,2,0,0,1,Inativo (Churn),Baixa remuneração,600–800,0–3m
42,Rio de Janeiro,15,9,4.6,631.78,2,1,1,0,Ativo,—,600–800,12–24m
43,São Paulo,34,3,4.6,666.71,1,1,0,0,Ativo,—,600–800,24–36m
44,Fortaleza,35,4,4.6,742.38,0,1,0,0,Ativo,—,600–800,24–36m
45,São Paulo,25,2,4.6,520.89,0,0,1,0,Ativo,—,400–600,24–36m
46,Belo Horizonte,24,5,4.6,899.2,1,0,1,0,Ativo,—,800–1k,12–24m
47,São Paulo,12,3,4.6,757.73,0,1,0,1,Inativo (Churn),Outros,600–800,6–12m
48,Rio de Janeiro,18,2,4.6,714.96,2,1,0,0,Ativo,—,600–800,12–24m
49,Rio de Janeiro,15,5,4.6,938.5,1,0,0,0,Ativo,—,800–1k,12–24m
50,São Paulo,16,0,4.6,675.98,3,1,1,0,Ativo,—,600–800,12–24m
51,Recife,27,0,4.6,663.52,1,0,1,0,Ativo,—,600–800,24–36m
52,Belo Horizonte,8,2,4.6,603.07,1,0,1,0,Ativo,—,600–800,6–12m
53,Fortaleza,25,0,4.6,768.61,6,0,1,0,Ativo,—,600–800,24–36m
54,Curitiba,17,1,4.6,761.69,3,0,1,1,Inativo (Churn),Migrou p/ concorrente,600–800,12–24m
55,Rio de Janeiro,29,3,4.6,566.74,1,0,0,0,Ativo,—,400–600,24–36m
56,Fortaleza,8,7,4.6,664.46,1,0,1,0,Ativo,—,600–800,6–12m
57,São Paulo,15,5,4.6,568.08,4,0,1,0,Ativo,—,400–600,12–24m
58,São Paulo,27,5,4.6,559.03,3,1,0,0,Ativo,—,400–600,24–36m
59,São Paulo,7,3,4.6,354.02,0,1,0,0,Ativo,—,<400,6–12m
60,São Paulo,3,9,4.6,653.82,0,0,0,0,Ativo,—,600–800,0–3m
61,São Paulo,29,4,4.6,359.56,3,1,0,0,Ativo,—,<400,24–36m
62,São Paulo,24,1,4.6,607.44,3,0,1,0,Ativo,—,600–800,12–24m
63,Curitiba,3,5,4.6,577.46,4,0,1,0,Ativo,—,400–600,0–3m
64,São Paulo,20,1,4.6,910.38,2,1,1,0,Ativo,—,800–1k,12–24m
65,São Paulo,15,3,4.6,497.01,1,0,1,0,Ativo,—,400–600,12–24m
66,Rio de Janeiro,25,5,4.6,547.76,4,0,1,0,Ativo,—,400–600,24–36m
67,São Paulo,30,8,4.6,623.7,2,0,1,0,Ativo,—,600–800,24–36m
68,Curitiba,14,5,4.6,583.97,1,1,0,0,Ativo,—,400–600,12–24m
69,São Paulo,7,6,4.6,973.85,2,0,0,1,Inativo (Churn),Muitos cancelamentos,800–1k,6–12m
70,Recife,17,10,4.6,472.29,2,1,1,1,Inativo (Churn),Baixa remuneração,400–600,12–24m
71,Belo Horizonte,20,2,4.6,624.12,2,0,0,0,Ativo,—,600–800,12–24m
72,São Paulo,36,3,4.6,766.41,1,1,0,0,Ativo,—,600–800,24–36m
73,São Paulo,9,4,4.6,876.24,0,1,1,0,Ativo,—,800–1k,6–12m
74,Curitiba,22,4,4.6,623.95,3,1,1,0,Ativo,—,600–800,12–24m
75,Belo Horizonte,2,4,4.6,316.38,4,0,0,1,Inativo (Churn),Migrou p/ concorrente,<400,0–3m
76,Belo Horizonte,24,8,4.6,669.98,6,0,1,0,Ativo,—,600–800,12–24m
77,Belo Horizonte,8,6,4.6,970.41,4,1,1,1,Inativo (Churn),Baixa remuneração,800–1k,6–12m
78,São Paulo,11,5,4.6,756.44,2,0,0,0,Ativo,—,600–800,6–12m
79,São Paulo,13,3,4.6,747.28,1,0,0,0,Ativo,—,600–800,12–24m
80,São Paulo,17,7,4.6,487.4,4,0,1,0,Ativo,—,400–600,12–24m
81,Curitiba,8,9,4.6,466.87,2,1,0,1,Inativo (Churn),Problemas com suporte,400–600,6–12m
82,Rio de Janeiro,21,7,4.6,703.61,3,0,0,0,Ativo,—,600–800,12–24m
83,São Paulo,18,0,4.6,414.72,2,0,1,1,Inativo (Churn),Migrou p/ concorrente,400–600,12–24m
84,São Paulo,30,6,4.6,856.27,3,0,1,0,Ativo,—,800–1k,24–36m
85,São Paulo,18,1,4.6,530.67,0,0,0,0,Ativo,—,400–600,12–24m
86,São Paulo,31,3,4.6,695.07,2,1,0,0,Ativo,—,600–800,24–36m
87,Belo Horizonte,32,1,4.6,322.85,2,0,0,0,Ativo,—,<400,24–36m
88,Rio de Janeiro,11,5,4.6,621.24,2,0,1,0,Ativo,—,600–800,6–12m
89,Curitiba,25,6,4.6,462.83,3,1,0,0,Ativo,—,400–600,24–36m
90,Rio de Janeiro,33,1,4.6,235.61,2,1,1,0,Ativo,—,<400,24–36m
91,São Paulo,8,4,4.6,808.37,2,0,1,0,Ativo,—,800–1k,6–12m
92,Belo Horizonte,11,4,4.6,1028.23,3,1,0,0,Ativo,—,>1k,6–12m
93,Belo Horizonte,22,4,4.6,925.89,5,1,1,0,Ativo,—,800–1k,12–24m
94,Rio de Janeiro,24,1,4.6,836.34,3,1,1,0,Ativo,—,800–1k,12–24m
95,Belo Horizonte,17,4,4.6,617.18,0,0,1,0,Ativo,—,600–800,12–24m
96,Rio de Janeiro,12,7,4.6,861.18,2,0,0,0,Ativo,—,800–1k,6–12m
97,Rio de Janeiro,32,1,4.6,944.77,3,1,1,0,Ativo,—,800–1k,24–36m
98,Rio de Janeiro,15,1,4.6,727.36,2,1,1,0,Ativo,—,600–800,12–24m
99,São Paulo,16,4,4.6,463.13,3,0,1,0,Ativo,—,400–600,12–24m
100,São Paulo,22,9,4.6,600.12,2,0,0,0,Ativo,—,600–800,12–24m
101,São Paulo,28,6,4.6,1040.54,0,0,1,0,Ativo,—,>1k,24–36m
102,Rio de Janeiro,20,6,4.6,685.05,2,0,0,0,Ativo,—,600–800,12–24m
103,São Paulo,33,4,4.6,100.0,1,0,0,0,Ativo,—,<400,24–36m
104,Rio de Janeiro,10,5,4.6,406.22,2,0,0,0,Ativo,—,400–600,6–12m
105,Fortaleza,32,0,4.6,615.11,2,1,1,0,Ativo,—,600–800,24–36m
106,São Paulo,33,6,4.6,907.17,4,0,1,0,Ativo,—,800–1k,24–36m
107,Rio de Janeiro,2,8,4.6,645.38,0,1,1,0,Ativo,—,600–800,0–3m
108,Belo Horizonte,33,5,4.6,910.89,2,0,1,0,Ativo,—,800–1k,24–36m
109,São Paulo,33,8,4.6,594.77,0,0,0,0,Ativo,—,400–600,24–36m
110,São Paulo,13,6,4.6,307.14,0,0,1,0,Ativo,—,<400,12–24m
111,São Paulo,30,1,4.6,601.69,1,0,0,0,Ativo,—,600–800,24–36m
112,São Paulo,33,8,4.6,768.99,2,1,0,0,Ativo,—,600–800,24–36m
113,Fortaleza,13,1,4.6,752.39,0,1,1,0,Ativo,—,600–800,12–24m
114,Curitiba,26,5,4.6,448.98,1,0,1,0,Ativo,—,400–600,24–36m
115,Rio de Janeiro,22,2,4.6,629.76,4,0,1,0,Ativo,—,600–800,12–24m
116,Curitiba,2,0,4.6,1236.93,3,0,1,0,Ativo,—,>1k,0–3m
117,Curitiba,26,4,4.6,453.35,4,1,0,1,Inativo (Churn),Migrou p/ concorrente,400–600,24–36m
118,São Paulo,15,3,4.6,832.14,2,1,0,1,Inativo (Churn),Baixa remuneração,800–1k,12–24m
119,Curitiba,34,4,4.6,280.66,2,0,1,0,Ativo,—,<400,24–36m
120,Rio de Janeiro,11,5,4.6,872.76,2,1,0,0,Ativo,—,800–1k,6–12m
121,Curitiba,3,0,4.6,521.53,1,1,0,0,Ativo,—,400–600,0–3m
122,Curitiba,6,1,4.6,780.42,1,0,1,0,Ativo,—,600–800,3–6m
123,São Paulo,9,5,4.6,441.69,1,0,0,0,Ativo,—,400–600,6–12m
124,São Paulo,6,3,4.6,758.17,1,1,0,0,Ativo,—,600–800,3–6m
125,São Paulo,9,6,4.6,518.27,3,1,1,0,Ativo,—,400–600,6–12m
126,Rio de Janeiro,31,6,4.6,556.99,2,0,1,0,Ativo,—,400–600,24–36m
127,Curitiba,32,7,4.6,788.4,2,0,1,0,Ativo,—,600–800,24–36m
128,Curitiba,12,6,4.6,613.92,2,0,1,0,Ativo,—,600–800,6–12m
129,São Paulo,8,4,4.6,776.08,0,0,0,0,Ativo,—,600–800,6–12m
130,Rio de Janeiro,8,6,4.6,661.83,1,1,1,0,Ativo,—,600–800,6–12m
131,Rio de Janeiro,28,3,4.6,713.5,4,0,1,0,Ativo,—,600–800,24–36m
132,São Paulo,20,3,4.6,789.02,2,1,0,0,Ativo,—,600–800,12–24m
133,São Paulo,7,7,4.6,630.0,4,1,0,0,Ativo,—,600–800,6–12m
134,São Paulo,11,4,4.6,500.79,4,0,1,0,Ativo,—,400–600,6–12m
135,Fortaleza,20,7,4.6,593.54,2,0,1,0,Ativo,—,400–600,12–24m
136,São Paulo,16,7,4.6,939.03,1,0,1,0,Ativo,—,800–1k,12–24m
137,Rio de Janeiro,4,8,4.6,723.23,3,1,1,0,Ativo,—,600–800,3–6m
138,Belo Horizonte,6,8,4.6,531.02,3,0,1,0,Ativo,—,400–600,3–6m
139,São Paulo,22,4,4.6,780.31,1,0,1,0,Ativo,—,600–800,12–24m
140,Recife,26,3,4.6,793.66,1,1,1,0,Ativo,—,600–800,24–36m
141,Recife,3,5,4.6,804.0,4,0,0,0,Ativo,—,800–1k,0–3m
142,São Paulo,14,4,4.6,504.43,1,1,1,0,Ativo,—,400–600,12–24m
143,Rio de Janeiro,11,5,4.6,563.52,4,1,0,0,Ativo,—,400–600,6–12m
144,São Paulo,18,6,4.6,564.63,0,0,1,0,Ativo,—,400–600,12–24m
145,São Paulo,12,6,4.6,627.87,3,0,1,0,Ativo,—,600–800,6–12m
146,São Paulo,23,4,4.6,807.78,3,1,1,0,Ativo,—,800–1k,12–24m
147,Rio de Janeiro,12,2,4.6,759.24,3,1,1,0,Ativo,—,600–800,6–12m
148,Rio de Janeiro,13,4,4.6,775.04,2,0,1,0,Ativo,—,600–800,12–24m
149,São Paulo,25,2,4.6,970.8,1,0,0,0,Ativo,—,800–1k,24–36m
150,São Paulo,19,8,4.6,837.78,0,0,0,0,Ativo,—,800–1k,12–24m
151,Fortaleza,36,3,4.6,671.64,2,1,1,0,Ativo,—,600–800,24–36m
152,São Paulo,8,2,4.6,463.22,2,0,1,1,Inativo (Churn),Baixa remuneração,400–600,6–12m
153,São Paulo,29,0,4.6,557.09,2,0,1,0,Ativo,—,400–600,24–36m
154,Rio de Janeiro,32,6,4.6,647.66,3,1,0,0,Ativo,—,600–800,24–36m
155,Recife,18,6,4.6,865.83,3,0,1,0,Ativo,—,800–1k,12–24m
156,São Paulo,6,3,4.6,694.53,1,0,1,0,Ativo,—,600–800,3–6m
157,Belo Horizonte,18,1,4.6,568.76,2,0,1,0,Ativo,—,400–600,12–24m
158,Belo Horizonte,19,4,4.6,553.42,1,1,1,0,Ativo,—,400–600,12–24m
159,São Paulo,22,3,4.6,686.08,2,0,1,0,Ativo,—,600–800,12–24m
160,Belo Horizonte,32,6,4.6,878.0,0,1,1,0,Ativo,—,800–1k,24–36m
161,São Paulo,3,5,4.6,1018.2,1,1,0,0,Ativo,—,>1k,0–3m
162,Rio de Janeiro,28,4,4.6,658.85,1,0,1,0,Ativo,—,600–800,24–36m
163,Rio de Janeiro,10,2,4.6,691.05,2,0,0,0,Ativo,—,600–800,6–12m
164,Rio de Janeiro,35,10,4.6,457.21,1,0,1,0,Ativo,—,400–600,24–36m
165,São Paulo,29,4,4.6,1087.84,1,0,0,0,Ativo,—,>1k,24–36m
166,Curitiba,15,6,4.6,419.8,2,1,0,0,Ativo,—,400–600,12–24m
167,São Paulo,33,2,4.6,934.33,4,1,1,0,Ativo,—,800–1k,24–36m
168,São Paulo,7,4,4.6,626.93,0,0,0,0,Ativo,—,600–800,6–12m
169,São Paulo,12,0,4.6,580.13,1,0,1,0,Ativo,—,400–600,6–12m
170,Rio de Janeiro,30,5,4.6,478.0,4,0,1,0,Ativo,—,400–600,24–36m
171,Belo Horizonte,21,9,4.6,1182.01,2,1,1,0,Ativo,—,>1k,12–24m
172,São Paulo,31,4,4.6,744.3,1,0,1,0,Ativo,—,600–800,24–36m
173,Rio de Janeiro,24,0,4.6,704.26,1,0,0,0,Ativo,—,600–800,12–24m
174,São Paulo,20,0,4.6,877.35,3,0,1,0,Ativo,—,800–1k,12–24m
175,Rio de Janeiro,4,4,4.6,569.83,1,0,0,0,Ativo,—,400–600,3–6m
176,São Paulo,28,2,4.6,700.37,3,0,0,0,Ativo,—,600–800,24–36m
177,Belo Horizonte,20,0,4.6,711.27,3,0,1,0,Ativo,—,600–800,12–24m
178,São Paulo,24,7,4.6,597.57,2,0,0,0,Ativo,—,400–600,12–24m
179,Fortaleza,32,4,4.6,939.93,2,1,1,0,Ativo,—,800–1k,24–36m
180,São Paulo,36,3,4.6,656.27,4,0,1,0,Ativo,—,600–800,24–36m
181,São Paulo,34,8,4.6,389.37,1,0,1,1,Inativo (Churn),Baixa remuneração,<400,24–36m
182,São Paulo,36,1,4.6,639.7,1,0,1,0,Ativo,—,600–800,24–36m
183,Fortaleza,2,9,4.6,749.84,2,0,0,0,Ativo,—,600–800,0–3m
184,Curitiba,15,3,4.6,521.3,1,0,1,0,Ativo,—,400–600,12–24m
185,São Paulo,34,8,4.6,537.08,3,0,1,0,Ativo,—,400–600,24–36m
186,Belo Horizonte,36,5,4.6,590.75,3,0,1,0,Ativo,—,400–600,24–36m
187,Curitiba,6,7,4.6,944.25,4,0,0,0,Ativo,—,800–1k,3–6m
188,Rio de Janeiro,12,10,4.6,602.57,1,0,1,0,Ativo,—,600–800,6–12m
189,Rio de Janeiro,3,3,4.6,985.82,1,0,0,0,Ativo,—,800–1k,0–3m
190,São Paulo,18,9,4.6,577.01,1,1,0,0,Ativo,—,400–600,12–24m
191,São Paulo,21,4,4.6,765.0,1,0,1,0,Ativo,—,600–800,12–24m
192,Curitiba,15,4,4.6,610.75,2,0,1,0,Ativo,—,600–800,12–24m
193,Fortaleza,33,3,4.6,850.82,0,0,1,0,Ativo,—,800–1k,24–36m
194,Rio de Janeiro,35,5,4.6,476.35,1,0,1,0,Ativo,—,400–600,24–36m
195,São Paulo,26,2,4.6,848.57,2,0,1,0,Ativo,—,800–1k,24–36m
196,São Paulo,8,5,4.6,722.77,4,0,0,1,Inativo (Churn),Baixa remuneração,600–800,6–12m
197,Belo Horizonte,36,5,4.6,572.0,0,1,0,1,Inativo (Churn),Migrou p/ concorrente,400–600,24–36m
198,Curitiba,30,7,4.6,666.76,0,0,0,0,Ativo,—,600–800,24–36m
199,Curitiba,23,7,4.6,1006.77,1,0,1,0,Ativo,—,>1k,12–24m
200,Belo Horizonte,14,4,4.6,727.57,1,1,0,0,Ativo,—,600–800,12–24m
201,Rio de Janeiro,14,3,4.6,559.45,4,1,0,0,Ativo,—,400–600,12–24m
202,São Paulo,2,3,4.6,459.06,2,0,1,0,Ativo,—,400–600,0–3m
203,São Paulo,5,2,4.6,801.08,2,0,0,0,Ativo,—,800–1k,3–6m
204,Curitiba,14,1,4.6,739.17,2,0,0,1,Inativo (Churn),Migrou p/ concorrente,600–800,12–24m
205,Rio de Janeiro,25,3,4.6,839.0,5,0,1,0,Ativo,—,800–1k,24–36m
206,São Paulo,20,3,4.6,407.56,3,0,0,0,Ativo,—,400–600,12–24m
207,São Paulo,2,9,4.6,465.55,4,0,0,1,Inativo (Churn),Migrou p/ concorrente,400–600,0–3m
208,Belo Horizonte,6,5,4.6,929.38,3,1,0,0,Ativo,—,800–1k,3–6m
209,São Paulo,17,3,4.6,766.27,0,0,1,0,Ativo,—,600–800,12–24m
210,São Paulo,25,5,4.6,806.68,3,0,1,0,Ativo,—,800–1k,24–36m
211,Rio de Janeiro,28,2,4.6,507.46,2,0,0,0,Ativo,—,400–600,24–36m
212,Belo Horizonte,2,4,4.6,503.8,3,1,1,0,Ativo,—,400–600,0–3m
213,Belo Horizonte,35,5,4.6,898.25,3,0,0,0,Ativo,—,800–1k,24–36m
214,São Paulo,5,4,4.6,907.68,1,0,1,0,Ativo,—,800–1k,3–6m
215,Belo Horizonte,1,4,4.6,482.34,1,0,0,0,Ativo,—,400–600,0–3m
216,São Paulo,12,10,4.6,444.13,4,0,1,0,Ativo,—,400–600,6–12m
217,São Paulo,36,8,4.6,678.28,0,0,1,0,Ativo,—,600–800,24–36m
218,Belo Horizonte,23,5,4.6,540.13,2,0,1,0,Ativo,—,400–600,12–24m
219,Rio de Janeiro,31,5,4.6,535.96,3,0,0,0,Ativo,—,400–600,24–36m
220,Curitiba,11,5,4.6,449.72,1,0,0,0,Ativo,—,400–600,6–12m
221,Belo Horizonte,10,2,4.6,606.31,0,0,1,0,Ativo,—,600–800,6–12m
222,Rio de Janeiro,3,4,4.6,469.06,3,1,0,0,Ativo,—,400–600,0–3m
223,São Paulo,14,0,4.6,480.92,2,0,1,1,Inativo (Churn),Migrou p/ concorrente,400–600,12–24m
224,São Paulo,16,4,4.6,759.68,1,0,1,0,Ativo,—,600–800,12–24m
225,São Paulo,10,5,4.6,688.96,2,0,1,0,Ativo,—,600–800,6–12m
226,São Paulo,29,2,4.6,796.98,1,0,0,0,Ativo,—,600–800,24–36m
227,Recife,10,9,4.6,370.19,0,1,1,0,Ativo,—,<400,6–12m
228,São Paulo,12,8,4.6,701.98,2,0,1,0,Ativo,—,600–800,6–12m
229,Curitiba,30,6,4.6,1115.13,0,0,1,0,Ativo,—,>1k,24–36m
230,Rio de Janeiro,1,5,4.6,625.55,3,0,0,0,Ativo,—,600–800,0–3m
231,Belo Horizonte,5,8,4.6,864.95,2,1,0,0,Ativo,—,800–1k,3–6m
232,Rio de Janeiro,20,2,4.6,863.2,4,1,0,0,Ativo,—,800–1k,12–24m
233,Rio de Janeiro,8,7,4.6,873.04,1,0,0,0,Ativo,—,800–1k,6–12m
234,Rio de Janeiro,12,1,4.6,733.33,0,0,1,0,Ativo,—,600–800,6–12m
235,São Paulo,1,7,4.6,813.22,0,0,1,0,Ativo,—,800–1k,0–3m
236,Belo Horizonte,20,3,4.6,839.8,4,0,0,1,Inativo (Churn),Baixa remuneração,800–1k,12–24m
237,São Paulo,28,8,4.6,827.09,0,1,1,0,Ativo,—,800–1k,24–36m
238,São Paulo,12,9,4.6,476.52,5,0,0,0,Ativo,—,400–600,6–12m
239,Rio de Janeiro,28,2,4.6,358.52,0,0,0,1,Inativo (Churn),Baixa remuneração,<400,24–36m
240,São Paulo,15,4,4.6,389.28,3,1,0,0,Ativo,—,<400,12–24m
241,Fortaleza,6,10,4.6,645.97,2,1,0,0,Ativo,—,600–800,3–6m
242,Fortaleza,20,4,4.6,818.79,1,0,1,0,Ativo,—,800–1k,12–24m
243,Fortaleza,14,8,4.6,479.12,1,1,0,1,Inativo (Churn),Baixa remuneração,400–600,12–24m
244,São Paulo,2,5,4.6,884.79,1,0,1,0,Ativo,—,800–1k,0–3m
245,São Paulo,9,4,4.6,599.54,2,1,1,0,Ativo,—,400–600,6–12m
246,Fortaleza,20,3,4.6,601.45,3,1,1,0,Ativo,—,600–800,12–24m
247,Rio de Janeiro,26,2,4.6,532.78,2,0,0,0,Ativo,—,400–600,24–36m
248,Recife,29,7,4.6,323.04,3,1,0,0,Ativo,—,<400,24–36m
249,Recife,1,4,4.6,745.86,3,1,0,0,Ativo,—,600–800,0–3m
250,Curitiba,35,5,4.6,1042.53,1,0,0,0,Ativo,—,>1k,24–36m
251,São Paulo,6,5,4.6,687.47,2,0,0,0,Ativo,—,600–800,3–6m
252,São Paulo,5,5,4.6,329.87,2,1,1,1,Inativo (Churn),Muitos cancelamentos,<400,3–6m
253,Curitiba,33,8,4.6,856.07,2,0,1,0,Ativo,—,800–1k,24–36m
254,São Paulo,14,10,4.6,375.04,4,0,1,0,Ativo,—,<400,12–24m
255,São Paulo,12,4,4.6,458.19,1,1,1,1,Inativo (Churn),Migrou p/ concorrente,400–600,6–12m
256,Rio de Janeiro,20,7,4.6,652.33,0,1,0,0,Ativo,—,600–800,12–24m
257,Fortaleza,24,7,4.6,724.57,1,0,0,0,Ativo,—,600–800,12–24m
258,Belo Horizonte,34,5,4.6,498.27,2,0,1,0,Ativo,—,400–600,24–36m
259,Rio de Janeiro,25,9,4.6,644.54,0,0,1,0,Ativo,—,600–800,24–36m
260,São Paulo,29,2,4.6,843.03,1,0,1,0,Ativo,—,800–1k,24–36m
261,Rio de Janeiro,31,1,4.6,870.44,0,0,1,0,Ativo,—,800–1k,24–36m
262,Recife,23,8,4.6,950.29,2,1,0,0,Ativo,—,800–1k,12–24m
263,São Paulo,20,4,4.6,1081.88,2,0,0,0,Ativo,—,>1k,12–24m
264,Rio de Janeiro,23,7,4.6,861.98,3,0,0,0,Ativo,—,800–1k,12–24m
265,Curitiba,16,8,4.6,656.65,0,0,0,0,Ativo,—,600–800,12–24m
266,Belo Horizonte,8,1,4.6,871.86,5,1,0,1,Inativo (Churn),Baixa remuneração,800–1k,6–12m
267,Belo Horizonte,21,8,4.6,793.34,5,0,1,0,Ativo,—,600–800,12–24m
268,Belo Horizonte,1,4,4.6,801.27,1,0,1,0,Ativo,—,800–1k,0–3m
269,São Paulo,8,5,4.6,735.44,4,0,1,0,Ativo,—,600–800,6–12m
270,São Paulo,29,5,4.6,517.59,2,0,1,0,Ativo,—,400–600,24–36m
271,Curitiba,32,8,4.6,494.38,3,0,1,0,Ativo,—,400–600,24–36m
272,Curitiba,5,0,4.6,680.58,2,0,0,0,Ativo,—,600–800,3–6m
273,Curitiba,22,4,4.6,729.78,3,0,0,0,Ativo,—,600–800,12–24m
274,Fortaleza,34,6,4.6,564.11,2,0,1,0,Ativo,—,400–600,24–36m
275,Rio de Janeiro,1,6,4.6,784.67,2,0,0,1,Inativo (Churn),Baixa remuneração,600–800,0–3m
276,Rio de Janeiro,26,6,4.6,1116.15,2,0,0,0,Ativo,—,>1k,24–36m
277,Belo Horizonte,10,2,4.6,351.13,2,0,0,1,Inativo (Churn),Muitos cancelamentos,<400,6–12m
278,Rio de Janeiro,30,3,4.6,816.45,0,0,0,0,Ativo,—,800–1k,24–36m
279,Belo Horizonte,18,4,4.6,686.81,4,0,1,0,Ativo,—,600–800,12–24m
280,Belo Horizonte,17,7,4.6,790.13,4,0,0,0,Ativo,—,600–800,12–24m
281,Curitiba,26,3,4.6,613.86,1,0,1,0,Ativo,—,600–800,24–36m
282,São Paulo,8,2,4.6,670.79,3,0,1,0,Ativo,—,600–800,6–12m
283,São Paulo,12,9,4.6,725.9,0,0,0,0,Ativo,—,600–800,6–12m
284,São Paulo,27,0,4.6,639.67,2,0,0,0,Ativo,—,600–800,24–36m
285,Rio de Janeiro,8,10,4.6,395.89,0,1,0,0,Ativo,—,<400,6–12m
286,São Paulo,25,6,4.6,653.22,3,1,0,0,Ativo,—,600–800,24–36m
287,Rio de Janeiro,4,7,4.6,416.71,2,0,1,0,Ativo,—,400–600,3–6m
288,Rio de Janeiro,33,3,4.6,830.64,1,0,1,0,Ativo,—,800–1k,24–36m
289,São Paulo,1,0,4.6,326.89,0,0,1,0,Ativo,—,<400,0–3m
290,Rio de Janeiro,19,6,4.6,905.73,0,0,0,0,Ativo,—,800–1k,12–24m
291,São Paulo,31,7,4.6,785.91,4,0,1,0,Ativo,—,600–800,24–36m
292,São Paulo,16,6,4.6,786.68,2,1,1,0,Ativo,—,600–800,12–24m
293,Curitiba,14,2,4.6,267.14,2,0,1,0,Ativo,—,<400,12–24m
294,São Paulo,5,7,4.6,634.28,3,1,1,0,Ativo,—,600–800,3–6m
295,São Paulo,26,7,4.6,930.71,5,0,1,0,Ativo,—,800–1k,24–36m
296,Rio de Janeiro,28,6,4.6,596.28,3,1,1,0,Ativo,—,400–600,24–36m
297,Belo Horizonte,2,7,4.6,484.39,0,1,1,1,Inativo (Churn),Problemas com suporte,400–600,0–3m
298,São Paulo,6,7,4.6,572.67,0,0,0,0,Ativo,—,400–600,3–6m
299,Rio de Janeiro,9,5,4.6,686.34,2,0,1,0,Ativo,—,600–800,6–12m
300,São Paulo,33,1,4.6,529.73,2,0,0,1,Inativo (Churn),Problemas com suporte,400–600,24–36m
301,São Paulo,25,4,4.6,946.76,2,0,0,0,Ativo,—,800–1k,24–36m
302,Rio de Janeiro,13,1,4.6,687.07,3,0,1,0,Ativo,—,600–800,12–24m
303,Rio de Janeiro,9,4,4.6,588.89,0,0,1,0,Ativo,—,400–600,6–12m
304,Rio de Janeiro,13,4,4.6,439.73,0,0,0,0,Ativo,—,400–600,12–24m
305,Belo Horizonte,31,1,4.6,796.89,3,1,0,0,Ativo,—,600–800,24–36m
306,Recife,11,3,4.6,792.33,2,0,0,0,Ativo,—,600–800,6–12m
307,Rio de Janeiro,4,1,4.6,541.56,3,1,1,0,Ativo,—,400–600,3–6m
308,São Paulo,34,7,4.6,252.73,1,0,1,0,Ativo,—,<400,24–36m
309,Belo Horizonte,4,9,4.6,782.15,3,1,1,0,Ativo,—,600–800,3–6m
310,São Paulo,19,1,4.6,662.64,3,0,1,0,Ativo,—,600–800,12–24m
311,Rio de Janeiro,6,9,4.6,767.21,1,0,0,0,Ativo,—,600–800,3–6m
312,São Paulo,34,5,4.6,1091.43,3,1,1,0,Ativo,—,>1k,24–36m
313,São Paulo,18,3,4.6,694.63,4,0,0,0,Ativo,—,600–800,12–24m
314,Recife,13,1,4.6,597.23,2,1,1,0,Ativo,—,400–600,12–24m
315,Curitiba,23,5,4.6,470.54,1,0,1,0,Ativo,—,400–600,12–24m
316,Belo Horizonte,19,7,4.6,637.52,4,0,1,0,Ativo,—,600–800,12–24m
317,Rio de Janeiro,11,6,4.6,732.12,1,0,0,0,Ativo,—,600–800,6–12m
318,São Paulo,1,1,4.6,710.66,1,1,0,0,Ativo,—,600–800,0–3m
319,São Paulo,24,1,4.6,1044.69,3,0,0,0,Ativo,—,>1k,12–24m
320,São Paulo,7,4,4.6,799.82,1,1,1,0,Ativo,—,600–800,6–12m
321,Rio de Janeiro,25,3,4.6,673.04,4,1,1,0,Ativo,—,600–800,24–36m
322,Belo Horizonte,21,3,4.6,558.69,3,0,0,0,Ativo,—,400–600,12–24m
323,Belo Horizonte,15,3,4.6,753.33,0,0,1,0,Ativo,—,600–800,12–24m
324,São Paulo,1,7,4.6,518.6,2,1,1,0,Ativo,—,400–600,0–3m
325,Fortaleza,12,8,4.6,735.97,3,0,0,0,Ativo,—,600–800,6–12m
326,Belo Horizonte,7,4,4.6,797.48,2,0,1,0,Ativo,—,600–800,6–12m
327,Rio de Janeiro,15,8,4.6,656.71,1,0,1,0,Ativo,—,600–800,12–24m
328,Rio de Janeiro,21,3,4.6,573.94,4,0,1,0,Ativo,—,400–600,12–24m
329,Rio de Janeiro,19,4,4.6,262.94,1,0,0,0,Ativo,—,<400,12–24m
330,São Paulo,29,2,4.6,928.77,1,0,0,0,Ativo,—,800–1k,24–36m
331,São Paulo,25,6,4.6,780.66,0,1,0,0,Ativo,—,600–800,24–36m
332,Belo Horizonte,33,9,4.6,785.52,3,0,0,0,Ativo,—,600–800,24–36m
333,São Paulo,32,5,4.6,387.73,0,0,0,0,Ativo,—,<400,24–36m
334,São Paulo,35,4,4.6,975.97,2,1,1,0,Ativo,—,800–1k,24–36m
335,São Paulo,26,6,4.6,606.96,1,1,1,0,Ativo,—,600–800,24–36m
336,São Paulo,11,1,4.6,642.24,1,1,1,0,Ativo,—,600–800,6–12m
337,Curitiba,35,8,4.6,486.14,2,0,0,0,Ativo,—,400–600,24–36m
338,Belo Horizonte,8,5,4.6,342.61,4,1,1,1,Inativo (Churn),Migrou p/ concorrente,<400,6–12m
339,Rio de Janeiro,14,4,4.6,931.47,4,0,1,0,Ativo,—,800–1k,12–24m
340,São Paulo,10,5,4.6,957.32,3,0,1,0,Ativo,—,800–1k,6–12m
341,Rio de Janeiro,2,5,4.6,666.89,4,0,1,0,Ativo,—,600–800,0–3m
342,Rio de Janeiro,9,1,4.6,564.12,1,0,1,0,Ativo,—,400–600,6–12m
343,São Paulo,3,6,4.6,624.59,2,1,1,0,Ativo,—,600–800,0–3m
344,Rio de Janeiro,21,3,4.6,630.08,1,0,0,0,Ativo,—,600–800,12–24m
345,São Paulo,26,6,4.6,460.03,1,1,1,0,Ativo,—,400–600,24–36m
346,Rio de Janeiro,8,7,4.6,641.55,4,1,0,1,Inativo (Churn),Baixa remuneração,600–800,6–12m
347,Rio de Janeiro,2,7,4.6,730.62,2,0,0,0,Ativo,—,600–800,0–3m
348,São Paulo,6,5,4.6,903.63,0,0,0,0,Ativo,—,800–1k,3–6m
349,São Paulo,28,5,4.6,702.85,3,0,0,0,Ativo,—,600–800,24–36m
350,Rio de Janeiro,29,2,4.6,384.73,1,0,0,0,Ativo,—,<400,24–36m
351,Rio de Janeiro,26,7,4.6,770.71,2,0,0,0,Ativo,—,600–800,24–36m
352,Curitiba,25,3,4.6,648.81,2,1,0,0,Ativo,—,600–800,24–36m
353,Belo Horizonte,12,5,4.6,974.08,0,0,1,0,Ativo,—,800–1k,6–12m
354,São Paulo,5,3,4.6,985.89,2,0,0,0,Ativo,—,800–1k,3–6m
355,São Paulo,34,2,4.6,992.89,5,1,1,0,Ativo,—,800–1k,24–36m
356,Rio de Janeiro,15,5,4.6,587.68,2,0,0,0,Ativo,—,400–600,12–24m
357,São Paulo,36,1,4.6,1097.97,3,1,1,0,Ativo,—,>1k,24–36m
358,Rio de Janeiro,15,6,4.6,770.19,0,0,1,0,Ativo,—,600–800,12–24m
359,Fortaleza,23,3,4.6,1025.28,2,0,1,0,Ativo,—,>1k,12–24m
360,Rio de Janeiro,6,0,4.6,599.48,1,0,1,0,Ativo,—,400–600,3–6m
361,São Paulo,21,5,4.6,640.28,3,0,0,0,Ativo,—,600–800,12–24m
362,Rio de Janeiro,23,0,4.6,754.81,2,0,1,0,Ativo,—,600–800,12–24m
363,Rio de Janeiro,16,3,4.6,730.38,1,1,1,0,Ativo,—,600–800,12–24m
364,Rio de Janeiro,15,6,4.6,950.96,2,0,1,0,Ativo,—,800–1k,12–24m
365,Fortaleza,25,1,4.6,653.57,1,1,1,0,Ativo,—,600–800,24–36m
366,São Paulo,36,7,4.6,932.92,2,0,0,0,Ativo,—,800–1k,24–36m
367,Recife,11,0,4.6,846.45,5,0,1,0,Ativo,—,800–1k,6–12m
368,Fortaleza,15,3,4.6,657.32,3,0,0,0,Ativo,—,600–800,12–24m
369,São Paulo,4,6,4.6,830.94,4,1,1,0,Ativo,—,800–1k,3–6m
370,São Paulo,21,3,4.6,605.35,2,0,0,0,Ativo,—,600–800,12–24m
371,São Paulo,13,1,4.6,1170.04,2,0,1,0,Ativo,—,>1k,12–24m
372,São Paulo,22,4,4.6,167.13,0,1,0,0,Ativo,—,<400,12–24m
373,São Paulo,19,3,4.6,834.59,2,0,0,0,Ativo,—,800–1k,12–24m
374,Belo Horizonte,34,7,4.6,347.08,1,1,1,0,Ativo,—,<400,24–36m
375,São Paulo,14,3,4.6,654.87,1,0,1,0,Ativo,—,600–800,12–24m
376,São Paulo,4,7,4.6,682.88,2,1,1,0,Ativo,—,600–800,3–6m
377,Curitiba,27,8,4.6,1001.53,3,1,0,0,Ativo,—,>1k,24–36m
378,São Paulo,29,4,4.6,561.57,1,1,0,0,Ativo,—,400–600,24–36m
379,Curitiba,28,8,4.6,961.6,2,0,1,0,Ativo,—,800–1k,24–36m
380,São Paulo,35,4,4.6,464.24,1,0,1,0,Ativo,—,400–600,24–36m
381,São Paulo,8,9,4.6,969.33,2,1,1,0,Ativo,—,800–1k,6–12m
382,Belo Horizonte,16,1,4.6,605.13,1,0,1,0,Ativo,—,600–800,12–24m
383,Rio de Janeiro,36,6,4.6,714.69,1,0,1,0,Ativo,—,600–800,24–36m
384,Curitiba,30,5,4.6,632.72,3,1,0,0,Ativo,—,600–800,24–36m
385,Belo Horizonte,18,4,4.6,956.47,3,0,1,0,Ativo,—,800–1k,12–24m
386,Curitiba,2,6,4.6,917.55,1,0,1,0,Ativo,—,800–1k,0–3m
387,São Paulo,13,6,4.6,788.7,0,0,0,0,Ativo,—,600–800,12–24m
388,São Paulo,4,0,4.6,469.63,3,0,1,0,Ativo,—,400–600,3–6m
389,Belo Horizonte,26,2,4.6,557.0,3,0,1,0,Ativo,—,400–600,24–36m
390,Curitiba,25,6,4.6,494.28,3,0,0,0,Ativo,—,400–600,24–36m
391,Recife,30,6,4.6,250.37,0,0,0,0,Ativo,—,<400,24–36m
392,Rio de Janeiro,11,9,4.6,952.26,0,1,0,0,Ativo,—,800–1k,6–12m
393,São Paulo,7,7,4.6,634.44,0,1,1,0,Ativo,—,600–800,6–12m
394,Belo Horizonte,31,9,4.6,632.3,4,0,0,0,Ativo,—,600–800,24–36m
395,São Paulo,10,6,4.6,999.22,1,0,0,0,Ativo,—,800–1k,6–12m
396,Fortaleza,13,3,4.6,604.8,3,1,1,0,Ativo,—,600–800,12–24m
397,Curitiba,31,1,4.6,531.91,0,0,1,0,Ativo,—,400–600,24–36m
398,Rio de Janeiro,7,7,4.6,655.05,0,0,1,0,Ativo,—,600–800,6–12m
399,Belo Horizonte,36,6,4.6,473.47,4,0,1,0,Ativo,—,400–600,24–36m
400,Belo Horizonte,20,0,4.6,768.87,1,0,1,0,Ativo,—,600–800,12–24m
401,São Paulo,4,4,4.6,625.27,2,1,1,0,Ativo,—,600–800,3–6m
402,Fortaleza,7,9,4.6,598.55,4,0,1,0,Ativo,—,400–600,6–12m
403,Rio de Janeiro,1,5,4.6,581.22,1,1,1,0,Ativo,—,400–600,0–3m
404,Curitiba,13,4,4.6,678.76,0,0,0,0,Ativo,—,600–800,12–24m
405,São Paulo,22,4,4.6,716.7,1,1,1,0,Ativo,—,600–800,12–24m
406,Curitiba,21,2,4.6,596.0,2,0,0,0,Ativo,—,400–600,12–24m
407,São Paulo,22,4,4.6,628.25,1,0,0,0,Ativo,—,600–800,12–24m
408,São Paulo,28,4,4.6,683.7,1,0,0,0,Ativo,—,600–800,24–36m
409,Fortaleza,9,1,4.6,663.52,1,0,0,0,Ativo,—,600–800,6–12m
410,São Paulo,26,7,4.6,706.22,3,0,1,0,Ativo,—,600–800,24–36m
411,São Paulo,9,4,4.6,564.67,1,0,1,0,Ativo,—,400–600,6–12m
412,Fortaleza,15,7,4.6,900.92,1,0,1,0,Ativo,—,800–1k,12–24m
413,Fortaleza,10,8,4.6,719.37,3,0,1,0,Ativo,—,600–800,6–12m
414,Rio de Janeiro,24,2,4.6,599.23,1,0,1,1,Inativo (Churn),Outros,400–600,12–24m
415,Rio de Janeiro,8,6,4.6,768.88,2,1,0,0,Ativo,—,600–800,6–12m
416,Rio de Janeiro,24,4,4.6,685.13,0,1,1,0,Ativo,—,600–800,12–24m
417,São Paulo,16,8,4.6,353.23,1,1,1,0,Ativo,—,<400,12–24m
418,São Paulo,26,2,4.6,768.19,3,1,0,0,Ativo,—,600–800,24–36m
419,Belo Horizonte,27,6,4.6,496.1,1,0,1,0,Ativo,—,400–600,24–36m
420,Belo Horizonte,4,5,4.6,886.89,4,0,0,0,Ativo,—,800–1k,3–6m
421,Belo Horizonte,24,3,4.6,651.65,2,0,0,0,Ativo,—,600–800,12–24m
422,Belo Horizonte,19,2,4.6,856.01,0,1,0,0,Ativo,—,800–1k,12–24m
423,São Paulo,36,6,4.6,573.96,4,1,0,0,Ativo,—,400–600,24–36m
424,Rio de Janeiro,10,6,4.6,713.99,2,0,1,0,Ativo,—,600–800,6–12m
425,São Paulo,25,3,4.6,942.05,1,0,1,0,Ativo,—,800–1k,24–36m
426,Rio de Janeiro,18,6,4.6,646.2,1,0,0,0,Ativo,—,600–800,12–24m
427,Rio de Janeiro,19,4,4.6,581.84,2,0,1,0,Ativo,—,400–600,12–24m
428,Curitiba,36,6,4.6,831.01,1,0,1,0,Ativo,—,800–1k,24–36m
429,São Paulo,10,2,4.6,827.13,2,0,0,0,Ativo,—,800–1k,6–12m
430,São Paulo,33,8,4.6,590.25,2,1,0,0,Ativo,—,400–600,24–36m
431,São Paulo,5,3,4.6,302.91,1,0,1,0,Ativo,—,<400,3–6m
432,Belo Horizonte,35,4,4.6,578.0,1,1,1,0,Ativo,—,400–600,24–36m
433,Rio de Janeiro,34,1,4.6,835.47,5,1,1,0,Ativo,—,800–1k,24–36m
434,São Paulo,33,1,4.6,544.99,1,1,0,1,Inativo (Churn),Problemas com suporte,400–600,24–36m
435,São Paulo,21,5,4.6,697.81,6,0,1,0,Ativo,—,600–800,12–24m
436,Belo Horizonte,17,3,4.6,568.5,4,0,0,1,Inativo (Churn),Baixa remuneração,400–600,12–24m
437,São Paulo,22,7,4.6,313.57,2,0,0,0,Ativo,—,<400,12–24m
438,Curitiba,15,0,4.6,564.9,1,0,1,0,Ativo,—,400–600,12–24m
439,Belo Horizonte,35,4,4.6,834.63,1,0,0,0,Ativo,—,800–1k,24–36m
440,São Paulo,28,3,4.6,225.95,3,1,0,1,Inativo (Churn),Muitos cancelamentos,<400,24–36m
441,São Paulo,7,0,4.6,750.43,2,1,0,1,Inativo (Churn),Problemas com suporte,600–800,6–12m
442,Recife,32,1,4.6,462.79,1,1,0,0,Ativo,—,400–600,24–36m
443,São Paulo,11,4,4.6,821.69,4,1,1,0,Ativo,—,800–1k,6–12m
444,São Paulo,10,5,4.6,842.86,2,0,1,0,Ativo,—,800–1k,6–12m
445,Curitiba,9,4,4.6,665.61,1,0,0,0,Ativo,—,600–800,6–12m
446,Fortaleza,14,5,4.6,666.07,3,0,0,0,Ativo,—,600–800,12–24m
447,Recife,13,5,4.6,538.73,2,0,0,0,Ativo,—,400–600,12–24m
448,Belo Horizonte,25,0,4.6,430.88,4,1,1,1,Inativo (Churn),Baixa remuneração,400–600,24–36m
449,São Paulo,2,4,4.6,1039.62,4,0,0,0,Ativo,—,>1k,0–3m
450,São Paulo,35,9,4.6,526.99,1,0,1,0,Ativo,—,400–600,24–36m
451,Belo Horizonte,7,5,4.6,1013.56,4,0,0,0,Ativo,—,>1k,6–12m
452,Rio de Janeiro,21,6,4.6,528.1,0,0,0,0,Ativo,—,400–600,12–24m
453,Rio de Janeiro,18,3,4.6,805.04,3,0,1,0,Ativo,—,800–1k,12–24m
454,Fortaleza,3,7,4.6,472.44,3,1,1,1,Inativo (Churn),Migrou p/ concorrente,400–600,0–3m
455,São Paulo,11,7,4.6,804.68,2,0,0,0,Ativo,—,800–1k,6–12m
456,Rio de Janeiro,24,5,4.6,634.88,3,0,1,0,Ativo,—,600–800,12–24m
457,São Paulo,19,9,4.6,637.5,1,0,1,0,Ativo,—,600–800,12–24m
458,Rio de Janeiro,4,1,4.6,822.0,4,0,1,1,Inativo (Churn),Baixa remuneração,800–1k,3–6m
459,São Paulo,26,0,4.6,606.17,3,0,1,0,Ativo,—,600–800,24–36m
460,São Paulo,32,7,4.6,414.37,0,1,1,1,Inativo (Churn),Baixa remuneração,400–600,24–36m
461,São Paulo,36,7,4.6,852.26,2,0,1,0,Ativo,—,800–1k,24–36m
462,Rio de Janeiro,33,1,4.6,470.82,1,0,0,1,Inativo (Churn),Problemas com suporte,400–600,24–36m
463,Belo Horizonte,36,3,4.6,803.3,0,0,1,0,Ativo,—,800–1k,24–36m
464,Rio de Janeiro,3,0,4.6,894.6,3,1,1,0,Ativo,—,800–1k,0–3m
465,Recife,9,3,4.6,624.9,1,0,0,0,Ativo,—,600–800,6–12m
466,São Paulo,8,7,4.6,936.47,1,0,0,0,Ativo,—,800–1k,6–12m
467,São Paulo,33,5,4.6,796.36,1,0,0,0,Ativo,—,600–800,24–36m
468,Curitiba,6,3,4.6,560.83,4,1,1,1,Inativo (Churn),Baixa remuneração,400–600,3–6m
469,São Paulo,4,4,4.6,980.29,3,0,1,0,Ativo,—,800–1k,3–6m
470,Recife,13,0,4.6,471.67,0,0,1,0,Ativo,—,400–600,12–24m
471,São Paulo,2,3,4.6,624.66,1,0,0,0,Ativo,—,600–800,0–3m
472,Recife,5,6,4.6,658.74,4,0,1,0,Ativo,—,600–800,3–6m
473,São Paulo,27,9,4.6,821.04,2,1,1,0,Ativo,—,800–1k,24–36m
474,Curitiba,32,7,4.6,923.09,1,1,0,0,Ativo,—,800–1k,24–36m
475,Rio de Janeiro,21,0,4.6,910.56,2,0,1,0,Ativo,—,800–1k,12–24m
476,Recife,8,8,4.6,744.75,1,1,1,0,Ativo,—,600–800,6–12m
477,São Paulo,8,7,4.6,643.95,3,1,1,0,Ativo,—,600–800,6–12m
478,Rio de Janeiro,3,7,4.6,334.8,3,1,1,1,Inativo (Churn),Muitos cancelamentos,<400,0–3m
479,Recife,3,4,4.6,437.17,6,0,1,1,Inativo (Churn),Outros,400–600,0–3m
480,Rio de Janeiro,22,4,4.6,1053.33,1,0,0,0,Ativo,—,>1k,12–24m
481,Rio de Janeiro,6,3,4.6,332.79,3,0,1,0,Ativo,—,<400,3–6m
482,Belo Horizonte,2,1,4.6,543.1,1,1,0,1,Inativo (Churn),Baixa remuneração,400–600,0–3m
483,Rio de Janeiro,23,2,4.6,928.92,4,0,0,1,Inativo (Churn),Migrou p/ concorrente,800–1k,12–24m
484,Rio de Janeiro,2,3,4.6,741.94,2,0,0,0,Ativo,—,600–800,0–3m
485,Rio de Janeiro,17,4,4.6,885.61,3,0,1,0,Ativo,—,800–1k,12–24m
486,Fortaleza,35,6,4.6,808.57,1,0,0,0,Ativo,—,800–1k,24–36m
487,São Paulo,34,4,4.6,993.92,2,0,0,0,Ativo,—,800–1k,24–36m
488,São Paulo,23,1,4.6,759.09,2,1,0,0,Ativo,—,600–800,12–24m
489,Fortaleza,30,9,4.6,832.69,2,0,1,0,Ativo,—,800–1k,24–36m
490,Curitiba,8,9,4.6,555.15,1,1,1,0,Ativo,—,400–600,6–12m
491,Rio de Janeiro,22,7,4.6,817.27,4,0,1,0,Ativo,—,800–1k,12–24m
492,Rio de Janeiro,36,10,4.6,620.77,1,0,1,0,Ativo,—,600–800,24–36m
493,São Paulo,5,5,4.6,609.38,1,0,1,0,Ativo,—,600–800,3–6m
494,São Paulo,13,9,4.6,878.94,2,0,0,0,Ativo,—,800–1k,12–24m
495,Rio de Janeiro,29,1,4.6,880.32,2,0,1,0,Ativo,—,800–1k,24–36m
496,São Paulo,31,4,4.6,1037.69,5,1,0,0,Ativo,—,>1k,24–36m
497,Rio de Janeiro,16,2,4.6,1024.65,0,0,0,0,Ativo,—,>1k,12–24m
498,São Paulo,30,2,4.6,883.46,0,1,0,0,Ativo,—,800–1k,24–36m
499,Recife,16,2,4.6,355.91,2,0,1,0,Ativo,—,<400,12–24m
500,Recife,12,5,4.6,1065.54,1,0,1,0,Ativo,—,>1k,6–12m
501,Belo Horizonte,17,7,4.6,883.59,4,0,1,0,Ativo,—,800–1k,12–24m
502,Rio de Janeiro,16,5,4.6,546.83,4,0,0,0,Ativo,—,400–600,12–24m
503,São Paulo,12,2,4.6,845.78,2,0,1,0,Ativo,—,800–1k,6–12m
504,Curitiba,8,7,4.6,492.55,1,0,0,0,Ativo,—,400–600,6–12m
505,Belo Horizonte,20,6,4.6,823.73,1,0,0,0,Ativo,—,800–1k,12–24m
506,São Paulo,3,4,4.6,436.75,4,0,0,0,Ativo,—,400–600,0–3m
507,Fortaleza,16,6,4.6,538.36,1,0,1,0,Ativo,—,400–600,12–24m
508,Curitiba,30,3,4.6,841.99,8,1,0,0,Ativo,—,800–1k,24–36m
509,Fortaleza,23,3,4.6,914.58,0,0,1,0,Ativo,—,800–1k,12–24m
510,Belo Horizonte,28,8,4.6,765.09,1,0,1,0,Ativo,—,600–800,24–36m
511,Rio de Janeiro,5,3,4.6,642.77,3,1,1,0,Ativo,—,600–800,3–6m
512,Rio de Janeiro,20,4,4.6,277.03,1,0,1,0,Ativo,—,<400,12–24m
513,Fortaleza,1,8,4.6,658.2,3,0,0,0,Ativo,—,600–800,0–3m
514,Curitiba,30,6,4.6,806.7,2,0,0,0,Ativo,—,800–1k,24–36m
515,São Paulo,21,1,4.6,636.65,2,0,1,0,Ativo,—,600–800,12–24m
516,São Paulo,20,2,4.6,695.48,1,1,1,0,Ativo,—,600–800,12–24m
517,São Paulo,6,0,4.6,662.88,2,0,1,1,Inativo (Churn),Muitos cancelamentos,600–800,3–6m
518,Curitiba,22,6,4.6,635.66,0,1,1,0,Ativo,—,600–800,12–24m
519,Recife,18,4,4.6,715.18,1,1,0,0,Ativo,—,600–800,12–24m
520,São Paulo,8,2,4.6,645.46,0,0,0,0,Ativo,—,600–800,6–12m
521,Rio de Janeiro,32,9,4.6,988.66,5,0,1,0,Ativo,—,800–1k,24–36m
522,São Paulo,33,5,4.6,258.72,4,0,0,1,Inativo (Churn),Problemas com suporte,<400,24–36m
523,Recife,16,3,4.6,590.83,3,0,0,0,Ativo,—,400–600,12–24m
524,Curitiba,12,5,4.6,525.95,1,0,1,0,Ativo,—,400–600,6–12m
525,Curitiba,34,6,4.6,743.82,2,0,0,0,Ativo,—,600–800,24–36m
526,Rio de Janeiro,14,1,4.6,715.43,1,0,1,0,Ativo,—,600–800,12–24m
527,Rio de Janeiro,36,3,4.6,1024.44,4,0,1,0,Ativo,—,>1k,24–36m
528,São Paulo,33,7,4.6,1090.23,1,1,1,0,Ativo,—,>1k,24–36m
529,São Paulo,23,4,4.6,545.38,0,0,0,0,Ativo,—,400–600,12–24m
530,Curitiba,2,5,4.6,700.1,3,1,0,0,Ativo,—,600–800,0–3m
531,Curitiba,21,4,4.6,739.26,1,1,1,0,Ativo,—,600–800,12–24m
532,Recife,2,0,4.6,540.44,3,0,0,0,Ativo,—,400–600,0–3m
533,Recife,27,2,4.6,825.68,0,1,0,0,Ativo,—,800–1k,24–36m
534,Rio de Janeiro,9,4,4.6,652.1,2,0,0,0,Ativo,—,600–800,6–12m
535,Belo Horizonte,1,2,4.6,486.47,2,0,0,0,Ativo,—,400–600,0–3m
536,Fortaleza,11,0,4.6,644.09,1,0,0,0,Ativo,—,600–800,6–12m
537,Curitiba,3,7,4.6,500.47,3,0,1,0,Ativo,—,400–600,0–3m
538,São Paulo,23,10,4.6,907.33,3,0,0,0,Ativo,—,800–1k,12–24m
539,Rio de Janeiro,26,7,4.6,1080.31,1,0,0,0,Ativo,—,>1k,24–36m
540,São Paulo,4,8,4.6,748.96,1,0,1,0,Ativo,—,600–800,3–6m
541,Fortaleza,18,3,4.6,722.26,3,0,1,0,Ativo,—,600–800,12–24m
542,Rio de Janeiro,6,9,4.6,730.49,1,0,0,0,Ativo,—,600–800,3–6m
543,São Paulo,35,2,4.6,936.45,0,0,0,1,Inativo (Churn),Problemas com suporte,800–1k,24–36m
544,Belo Horizonte,22,9,4.6,932.14,1,0,1,0,Ativo,—,800–1k,12–24m
545,Rio de Janeiro,15,10,4.6,676.87,3,0,1,0,Ativo,—,600–800,12–24m
546,São Paulo,22,6,4.6,750.52,4,0,1,0,Ativo,—,600–800,12–24m
547,São Paulo,12,10,4.6,830.53,2,0,1,0,Ativo,—,800–1k,6–12m
548,Belo Horizonte,18,5,4.6,472.46,0,1,0,0,Ativo,—,400–600,12–24m
549,Rio de Janeiro,35,3,4.6,942.52,2,0,1,0,Ativo,—,800–1k,24–36m
550,Belo Horizonte,30,4,4.6,1046.97,1,1,0,0,Ativo,—,>1k,24–36m
551,Rio de Janeiro,24,5,4.6,933.01,3,0,1,0,Ativo,—,800–1k,12–24m
552,Curitiba,30,1,4.6,450.88,2,1,1,1,Inativo (Churn),Baixa remuneração,400–600,24–36m
553,Rio de Janeiro,14,5,4.6,306.0,2,0,1,0,Ativo,—,<400,12–24m
554,Rio de Janeiro,6,10,4.6,841.74,2,0,0,0,Ativo,—,800–1k,3–6m
555,Curitiba,3,2,4.6,547.96,0,0,0,0,Ativo,—,400–600,0–3m
556,Rio de Janeiro,16,7,4.6,757.43,3,0,1,0,Ativo,—,600–800,12–24m
557,São Paulo,7,8,4.6,1007.03,2,0,1,0,Ativo,—,>1k,6–12m
558,São Paulo,14,9,4.6,568.61,0,0,1,0,Ativo,—,400–600,12–24m
559,Belo Horizonte,9,9,4.6,624.49,2,1,0,1,Inativo (Churn),Migrou p/ concorrente,600–800,6–12m
560,Rio de Janeiro,15,5,4.6,755.34,2,0,0,0,Ativo,—,600–800,12–24m
561,Belo Horizonte,21,9,4.6,440.5,2,0,1,0,Ativo,—,400–600,12–24m
562,São Paulo,35,7,4.6,548.43,2,1,0,0,Ativo,—,400–600,24–36m
563,São Paulo,2,2,4.6,704.97,3,0,1,0,Ativo,—,600–800,0–3m
564,São Paulo,27,4,4.6,639.91,1,1,1,0,Ativo,—,600–800,24–36m
565,São Paulo,2,6,4.6,821.68,2,0,1,0,Ativo,—,800–1k,0–3m
566,Rio de Janeiro,35,3,4.6,1253.2,2,1,1,0,Ativo,—,>1k,24–36m
567,São Paulo,18,6,4.6,719.83,3,0,1,0,Ativo,—,600–800,12–24m
568,Rio de Janeiro,14,6,4.6,531.66,2,1,0,0,Ativo,—,400–600,12–24m
569,Fortaleza,20,2,4.6,983.65,4,1,1,0,Ativo,—,800–1k,12–24m
570,São Paulo,18,5,4.6,382.24,2,0,0,0,Ativo,—,<400,12–24m
571,Rio de Janeiro,10,7,4.6,422.22,1,0,1,0,Ativo,—,400–600,6–12m
572,Belo Horizonte,25,5,4.6,580.98,1,0,0,0,Ativo,—,400–600,24–36m
573,São Paulo,2,0,4.6,643.42,0,1,1,0,Ativo,—,600–800,0–3m
574,Rio de Janeiro,25,0,4.6,576.19,2,0,0,0,Ativo,—,400–600,24–36m
575,Curitiba,33,4,4.6,693.7,4,0,0,0,Ativo,—,600–800,24–36m
576,Fortaleza,36,8,4.6,754.95,1,0,1,0,Ativo,—,600–800,24–36m
577,São Paulo,31,2,4.6,913.79,0,0,0,0,Ativo,—,800–1k,24–36m
578,Fortaleza,14,6,4.6,718.24,2,0,1,0,Ativo,—,600–800,12–24m
579,Rio de Janeiro,1,2,4.6,587.61,0,1,1,1,Inativo (Churn),Migrou p/ concorrente,400–600,0–3m
580,São Paulo,16,3,4.6,902.93,0,0,0,0,Ativo,—,800–1k,12–24m
581,Rio de Janeiro,3,7,4.6,536.46,3,1,1,0,Ativo,—,400–600,0–3m
582,Recife,35,6,4.6,373.48,2,0,0,0,Ativo,—,<400,24–36m
583,Rio de Janeiro,6,1,4.6,941.19,3,0,0,1,Inativo (Churn),Outros,800–1k,3–6m
584,São Paulo,25,4,4.6,928.37,1,0,0,0,Ativo,—,800–1k,24–36m
585,Rio de Janeiro,13,0,4.6,541.54,1,0,1,0,Ativo,—,400–600,12–24m
586,São Paulo,34,4,4.6,620.18,2,1,0,0,Ativo,—,600–800,24–36m
587,São Paulo,8,6,4.6,516.61,4,1,1,0,Ativo,—,400–600,6–12m
588,São Paulo,21,1,4.6,765.32,3,0,1,0,Ativo,—,600–800,12–24m
589,São Paulo,34,3,4.6,1046.41,1,0,1,0,Ativo,—,>1k,24–36m
590,São Paulo,4,4,4.6,840.58,4,0,0,0,Ativo,—,800–1k,3–6m
591,São Paulo,25,8,4.6,907.14,1,1,1,0,Ativo,—,800–1k,24–36m
592,Rio de Janeiro,15,10,4.6,863.95,3,1,1,0,Ativo,—,800–1k,12–24m
593,São Paulo,4,0,4.6,699.98,1,1,1,0,Ativo,—,600–800,3–6m
594,São Paulo,12,7,4.6,916.67,1,0,1,0,Ativo,—,800–1k,6–12m
595,Curitiba,32,4,4.6,849.01,2,0,1,0,Ativo,—,800–1k,24–36m
596,Rio de Janeiro,32,4,4.6,987.89,3,0,0,0,Ativo,—,800–1k,24–36m
597,Belo Horizonte,28,7,4.6,608.09,1,0,1,0,Ativo,—,600–800,24–36m
598,São Paulo,13,8,4.6,352.38,3,0,0,0,Ativo,—,<400,12–24m
599,São Paulo,31,9,4.6,909.05,2,0,0,0,Ativo,—,800–1k,24–36m
600,São Paulo,14,5,4.6,769.95,2,0,1,0,Ativo,—,600–800,12–24m
601,São Paulo,20,4,4.6,640.79,2,1,0,1,Inativo (Churn),Baixa remuneração,600–800,12–24m
602,São Paulo,18,7,4.6,651.97,0,1,0,0,Ativo,—,600–800,12–24m
603,São Paulo,29,3,4.6,1210.94,5,0,1,0,Ativo,—,>1k,24–36m
604,São Paulo,6,5,4.6,571.56,2,0,0,0,Ativo,—,400–600,3–6m
605,São Paulo,32,4,4.6,529.34,2,0,1,0,Ativo,—,400–600,24–36m
606,Rio de Janeiro,29,6,4.6,717.06,0,1,1,0,Ativo,—,600–800,24–36m
607,São Paulo,2,3,4.6,936.1,4,1,1,0,Ativo,—,800–1k,0–3m
608,São Paulo,23,2,4.6,1155.68,1,1,1,0,Ativo,—,>1k,12–24m
609,Rio de Janeiro,19,8,4.6,831.47,1,1,0,0,Ativo,—,800–1k,12–24m
610,Belo Horizonte,31,1,4.6,445.92,5,0,0,0,Ativo,—,400–600,24–36m
611,São Paulo,5,5,4.6,1094.17,0,0,0,0,Ativo,—,>1k,3–6m
612,Belo Horizonte,19,2,4.6,696.11,2,0,0,0,Ativo,—,600–800,12–24m
613,Rio de Janeiro,34,0,4.6,532.46,1,0,1,0,Ativo,—,400–600,24–36m
614,São Paulo,10,0,4.6,484.12,3,1,1,0,Ativo,—,400–600,6–12m
615,Curitiba,25,2,4.6,867.27,2,0,0,0,Ativo,—,800–1k,24–36m
616,Fortaleza,2,8,4.6,747.77,5,0,0,0,Ativo,—,600–800,0–3m
617,São Paulo,11,3,4.6,769.02,3,0,0,0,Ativo,—,600–800,6–12m
618,São Paulo,31,9,4.6,957.3,2,1,0,0,Ativo,—,800–1k,24–36m
619,Curitiba,15,5,4.6,539.57,2,0,1,0,Ativo,—,400–600,12–24m
620,Belo Horizonte,9,4,4.6,973.23,1,0,0,0,Ativo,—,800–1k,6–12m
621,São Paulo,23,5,4.6,596.17,0,0,1,0,Ativo,—,400–600,12–24m
622,São Paulo,19,5,4.6,1132.8,1,0,0,0,Ativo,—,>1k,12–24m
623,São Paulo,9,7,4.6,819.75,3,0,0,0,Ativo,—,800–1k,6–12m
624,Rio de Janeiro,35,3,4.6,515.95,1,1,1,0,Ativo,—,400–600,24–36m
625,Rio de Janeiro,21,4,4.6,294.92,1,0,1,0,Ativo,—,<400,12–24m
626,São Paulo,9,8,4.6,861.78,0,1,1,0,Ativo,—,800–1k,6–12m
627,Rio de Janeiro,28,9,4.6,625.16,2,0,1,0,Ativo,—,600–800,24–36m
628,Belo Horizonte,7,8,4.6,668.89,3,0,0,0,Ativo,—,600–800,6–12m
629,São Paulo,16,4,4.6,853.24,4,1,0,0,Ativo,—,800–1k,12–24m
630,São Paulo,16,7,4.6,902.08,2,0,1,0,Ativo,—,800–1k,12–24m
631,Belo Horizonte,33,4,4.6,944.74,3,0,1,0,Ativo,—,800–1k,24–36m
632,Curitiba,4,5,4.6,465.03,3,1,1,0,Ativo,—,400–600,3–6m
633,Rio de Janeiro,4,2,4.6,985.18,2,0,0,0,Ativo,—,800–1k,3–6m
634,Rio de Janeiro,17,5,4.6,584.19,3,1,1,0,Ativo,—,400–600,12–24m
635,São Paulo,29,2,4.6,248.75,0,0,0,0,Ativo,—,<400,24–36m
636,Rio de Janeiro,36,3,4.6,464.31,2,0,1,0,Ativo,—,400–600,24–36m
637,Rio de Janeiro,35,8,4.6,743.61,2,0,1,0,Ativo,—,600–800,24–36m
638,São Paulo,7,2,4.6,504.24,4,1,0,1,Inativo (Churn),Muitos cancelamentos,400–600,6–12m
639,São Paulo,27,1,4.6,682.39,2,0,1,0,Ativo,—,600–800,24–36m
640,São Paulo,28,1,4.6,767.65,2,1,0,0,Ativo,—,600–800,24–36m
641,São Paulo,22,9,4.6,663.72,2,1,1,0,Ativo,—,600–800,12–24m
642,São Paulo,14,5,4.6,601.13,2,0,0,0,Ativo,—,600–800,12–24m
643,São Paulo,7,4,4.6,449.86,1,0,1,0,Ativo,—,400–600,6–12m
644,São Paulo,22,7,4.6,704.39,2,0,0,0,Ativo,—,600–800,12–24m
645,São Paulo,5,7,4.6,287.01,3,0,1,0,Ativo,—,<400,3–6m
646,Curitiba,2,3,4.6,562.8,1,0,1,0,Ativo,—,400–600,0–3m
647,Rio de Janeiro,27,6,4.6,514.44,3,0,1,0,Ativo,—,400–600,24–36m
648,Belo Horizonte,21,7,4.6,652.12,3,1,0,0,Ativo,—,600–800,12–24m
649,Belo Horizonte,15,6,4.6,657.33,1,1,1,0,Ativo,—,600–800,12–24m
650,Rio de Janeiro,21,2,4.6,891.99,1,1,0,0,Ativo,—,800–1k,12–24m
651,São Paulo,10,8,4.6,1016.7,4,1,1,0,Ativo,—,>1k,6–12m
652,Rio de Janeiro,23,5,4.6,476.44,2,0,0,1,Inativo (Churn),Baixa remuneração,400–600,12–24m
653,Rio de Janeiro,5,3,4.6,1098.57,1,1,1,0,Ativo,—,>1k,3–6m
654,Belo Horizonte,1,4,4.6,544.14,1,1,0,1,Inativo (Churn),Outros,400–600,0–3m
655,Rio de Janeiro,13,0,4.6,734.51,0,0,0,0,Ativo,—,600–800,12–24m
656,São Paulo,21,1,4.6,802.17,2,1,0,0,Ativo,—,800–1k,12–24m
657,São Paulo,26,7,4.6,1188.92,3,0,0,0,Ativo,—,>1k,24–36m
658,São Paulo,21,0,4.6,591.54,2,0,0,0,Ativo,—,400–600,12–24m
659,Rio de Janeiro,18,4,4.6,340.65,1,1,1,0,Ativo,—,<400,12–24m
660,Rio de Janeiro,32,5,4.6,998.08,1,1,1,0,Ativo,—,800–1k,24–36m
661,São Paulo,36,1,4.6,533.33,4,0,1,0,Ativo,—,400–600,24–36m
662,Recife,17,9,4.6,627.68,1,1,1,0,Ativo,—,600–800,12–24m
663,Rio de Janeiro,35,2,4.6,476.45,1,0,0,0,Ativo,—,400–600,24–36m
664,São Paulo,11,3,4.6,628.26,3,0,1,0,Ativo,—,600–800,6–12m
665,São Paulo,21,3,4.6,531.92,1,1,0,0,Ativo,—,400–600,12–24m
666,São Paulo,26,3,4.6,835.29,1,0,1,0,Ativo,—,800–1k,24–36m
667,São Paulo,4,0,4.6,716.16,3,1,0,0,Ativo,—,600–800,3–6m
668,São Paulo,34,6,4.6,563.79,2,0,0,0,Ativo,—,400–600,24–36m
669,São Paulo,18,9,4.6,899.17,2,0,0,0,Ativo,—,800–1k,12–24m
670,São Paulo,35,2,4.6,751.0,2,0,1,0,Ativo,—,600–800,24–36m
671,São Paulo,29,6,4.6,330.79,2,0,0,0,Ativo,—,<400,24–36m
672,Curitiba,29,6,4.6,883.94,3,0,1,0,Ativo,—,800–1k,24–36m
673,São Paulo,21,7,4.6,736.97,3,1,0,0,Ativo,—,600–800,12–24m
674,Rio de Janeiro,13,4,4.6,978.15,5,0,1,0,Ativo,—,800–1k,12–24m
675,Rio de Janeiro,17,3,4.6,724.78,1,1,1,0,Ativo,—,600–800,12–24m
676,Recife,9,3,4.6,541.66,3,0,0,0,Ativo,—,400–600,6–12m
677,São Paulo,1,6,4.6,659.14,1,0,1,0,Ativo,—,600–800,0–3m
678,São Paulo,2,7,4.6,860.78,0,0,1,0,Ativo,—,800–1k,0–3m
679,Recife,29,2,4.6,545.85,2,0,1,0,Ativo,—,400–600,24–36m
680,Curitiba,33,4,4.6,611.94,3,0,1,0,Ativo,—,600–800,24–36m
681,Curitiba,10,8,4.6,655.66,1,0,1,0,Ativo,—,600–800,6–12m
682,São Paulo,21,7,4.6,470.13,4,0,1,0,Ativo,—,400–600,12–24m
683,São Paulo,28,10,4.6,548.74,1,0,0,0,Ativo,—,400–600,24–36m
684,Belo Horizonte,11,7,4.6,734.51,0,0,1,0,Ativo,—,600–800,6–12m
685,Fortaleza,34,4,4.6,940.5,2,0,0,0,Ativo,—,800–1k,24–36m
686,Rio de Janeiro,8,5,4.6,763.43,0,0,0,0,Ativo,—,600–800,6–12m
687,Rio de Janeiro,22,6,4.6,690.83,4,1,1,0,Ativo,—,600–800,12–24m
688,São Paulo,8,1,4.6,533.75,1,0,0,0,Ativo,—,400–600,6–12m
689,Belo Horizonte,15,5,4.6,919.03,2,1,0,0,Ativo,—,800–1k,12–24m
690,São Paulo,17,6,4.6,786.7,1,0,1,0,Ativo,—,600–800,12–24m
691,São Paulo,23,2,4.6,558.65,1,1,1,0,Ativo,—,400–600,12–24m
692,Rio de Janeiro,24,7,4.6,879.73,1,0,1,0,Ativo,—,800–1k,12–24m
693,Rio de Janeiro,19,5,4.6,811.92,2,1,1,0,Ativo,—,800–1k,12–24m
694,São Paulo,5,9,4.6,537.29,1,0,1,0,Ativo,—,400–600,3–6m
695,São Paulo,32,0,4.6,679.72,2,1,0,0,Ativo,—,600–800,24–36m
696,Rio de Janeiro,1,3,4.6,601.45,3,1,0,0,Ativo,—,600–800,0–3m
697,São Paulo,23,5,4.6,1226.71,4,1,1,1,Inativo (Churn),Problemas com suporte,>1k,12–24m
698,Rio de Janeiro,8,3,4.6,806.35,2,0,0,0,Ativo,—,800–1k,6–12m
699,São Paulo,13,6,4.6,737.35,2,0,1,0,Ativo,—,600–800,12–24m
700,Rio de Janeiro,8,7,4.6,794.53,3,0,1,0,Ativo,—,600–800,6–12m
701,Rio de Janeiro,23,1,4.6,975.83,3,0,0,0,Ativo,—,800–1k,12–24m
702,São Paulo,1,5,4.6,683.32,2,1,1,0,Ativo,—,600–800,0–3m
703,São Paulo,24,5,4.6,582.02,3,0,1,0,Ativo,—,400–600,12–24m
704,São Paulo,35,4,4.6,868.86,1,0,1,0,Ativo,—,800–1k,24–36m
705,São Paulo,24,9,4.6,665.01,4,0,1,0,Ativo,—,600–800,12–24m
706,Recife,17,7,4.6,486.02,0,0,1,0,Ativo,—,400–600,12–24m
707,São Paulo,5,6,4.6,447.06,5,0,0,0,Ativo,—,400–600,3–6m
708,Curitiba,20,6,4.6,1005.86,2,1,1,0,Ativo,—,>1k,12–24m
709,São Paulo,21,4,4.6,726.33,1,0,1,0,Ativo,—,600–800,12–24m
710,Belo Horizonte,31,8,4.6,582.09,1,0,1,0,Ativo,—,400–600,24–36m
711,Belo Horizonte,36,6,4.6,653.13,1,0,1,0,Ativo,—,600–800,24–36m
712,Rio de Janeiro,11,6,4.6,861.49,2,0,1,0,Ativo,—,800–1k,6–12m
713,Rio de Janeiro,15,8,4.6,641.32,1,0,0,0,Ativo,—,600–800,12–24m
714,Rio de Janeiro,19,3,4.6,410.12,4,1,1,0,Ativo,—,400–600,12–24m
715,São Paulo,7,7,4.6,765.17,3,1,1,0,Ativo,—,600–800,6–12m
716,Fortaleza,28,2,4.6,941.67,0,1,0,0,Ativo,—,800–1k,24–36m
717,Curitiba,5,3,4.6,928.29,2,1,0,0,Ativo,—,800–1k,3–6m
718,Recife,5,3,4.6,588.13,0,0,1,0,Ativo,—,400–600,3–6m
719,São Paulo,30,9,4.6,953.83,0,1,1,0,Ativo,—,800–1k,24–36m
720,Belo Horizonte,32,8,4.6,742.59,2,1,1,0,Ativo,—,600–800,24–36m
721,Fortaleza,8,6,4.6,948.23,3,1,1,0,Ativo,—,800–1k,6–12m
722,São Paulo,10,6,4.6,814.74,2,0,1,0,Ativo,—,800–1k,6–12m
723,São Paulo,32,5,4.6,395.68,2,1,1,0,Ativo,—,<400,24–36m
724,Belo Horizonte,28,9,4.6,1049.35,1,1,1,0,Ativo,—,>1k,24–36m
725,Rio de Janeiro,17,5,4.6,710.36,0,1,0,0,Ativo,—,600–800,12–24m
726,Curitiba,31,4,4.6,815.36,2,0,1,0,Ativo,—,800–1k,24–36m
727,São Paulo,8,2,4.6,431.19,3,1,1,0,Ativo,—,400–600,6–12m
728,Belo Horizonte,25,7,4.6,801.07,3,1,1,0,Ativo,—,800–1k,24–36m
729,São Paulo,9,6,4.6,920.59,3,1,1,0,Ativo,—,800–1k,6–12m
730,São Paulo,2,4,4.6,1087.06,3,0,1,0,Ativo,—,>1k,0–3m
731,São Paulo,15,0,4.6,980.08,0,1,0,0,Ativo,—,800–1k,12–24m
732,Curitiba,3,7,4.6,810.84,1,0,0,0,Ativo,—,800–1k,0–3m
733,Belo Horizonte,36,0,4.6,391.12,2,0,0,0,Ativo,—,<400,24–36m
734,Rio de Janeiro,4,6,4.6,726.45,1,0,0,0,Ativo,—,600–800,3–6m
735,São Paulo,14,9,4.6,581.5,4,1,1,0,Ativo,—,400–600,12–24m
736,Curitiba,25,4,4.6,747.0,0,0,0,0,Ativo,—,600–800,24–36m
737,São Paulo,10,3,4.6,456.73,1,0,0,0,Ativo,—,400–600,6–12m
738,Curitiba,21,6,4.6,657.97,4,1,1,0,Ativo,—,600–800,12–24m
739,Rio de Janeiro,36,7,4.6,596.56,1,1,1,0,Ativo,—,400–600,24–36m
740,São Paulo,12,5,4.6,590.37,2,0,0,0,Ativo,—,400–600,6–12m
741,Rio de Janeiro,27,9,4.6,592.35,4,1,1,0,Ativo,—,400–600,24–36m
742,São Paulo,2,1,4.6,672.83,2,1,1,0,Ativo,—,600–800,0–3m
743,Belo Horizonte,13,5,4.6,757.24,3,0,0,0,Ativo,—,600–800,12–24m
744,Rio de Janeiro,32,6,4.6,200.3,1,0,0,0,Ativo,—,<400,24–36m
745,São Paulo,31,8,4.6,224.71,2,0,1,1,Inativo (Churn),Migrou p/ concorrente,<400,24–36m
746,Curitiba,16,2,4.6,632.26,1,0,1,0,Ativo,—,600–800,12–24m
747,São Paulo,32,7,4.6,660.45,3,0,1,0,Ativo,—,600–800,24–36m
748,Rio de Janeiro,32,5,4.6,737.82,3,1,0,1,Inativo (Churn),Migrou p/ concorrente,600–800,24–36m
749,Fortaleza,34,4,4.6,554.47,1,1,0,0,Ativo,—,400–600,24–36m
750,Rio de Janeiro,11,2,4.6,701.89,3,0,1,0,Ativo,—,600–800,6–12m
751,São Paulo,10,8,4.6,725.3,3,0,0,0,Ativo,—,600–800,6–12m
752,Fortaleza,15,2,4.6,553.09,3,0,0,0,Ativo,—,400–600,12–24m
753,Rio de Janeiro,17,3,4.6,902.69,2,0,1,0,Ativo,—,800–1k,12–24m
754,São Paulo,18,3,4.6,735.4,0,0,0,0,Ativo,—,600–800,12–24m
755,São Paulo,9,8,4.6,809.39,4,1,1,1,Inativo (Churn),Baixa remuneração,800–1k,6–12m
756,Belo Horizonte,25,6,4.6,713.77,1,1,1,0,Ativo,—,600–800,24–36m
757,Rio de Janeiro,14,7,4.6,1120.73,2,0,0,0,Ativo,—,>1k,12–24m
758,Rio de Janeiro,25,3,4.6,819.28,2,1,1,0,Ativo,—,800–1k,24–36m
759,Curitiba,22,5,4.6,602.4,1,0,0,0,Ativo,—,600–800,12–24m
760,Belo Horizonte,30,5,4.6,864.19,2,1,1,0,Ativo,—,800–1k,24–36m
761,São Paulo,20,7,4.6,372.48,6,0,0,0,Ativo,—,<400,12–24m
762,São Paulo,21,8,4.6,723.92,0,0,0,0,Ativo,—,600–800,12–24m
763,São Paulo,32,0,4.6,763.83,4,1,1,0,Ativo,—,600–800,24–36m
764,Belo Horizonte,21,6,4.6,726.2,2,0,1,0,Ativo,—,600–800,12–24m
765,São Paulo,35,1,4.6,633.24,1,1,1,0,Ativo,—,600–800,24–36m
766,Rio de Janeiro,32,5,4.6,497.55,2,0,0,0,Ativo,—,400–600,24–36m
767,Belo Horizonte,30,3,4.6,542.13,4,0,0,0,Ativo,—,400–600,24–36m
768,Curitiba,12,3,4.6,720.41,1,0,1,0,Ativo,—,600–800,6–12m
769,São Paulo,18,4,4.6,477.3,2,0,1,0,Ativo,—,400–600,12–24m
770,Curitiba,21,5,4.6,1054.03,2,1,0,0,Ativo,—,>1k,12–24m
771,São Paulo,13,3,4.6,171.82,5,0,1,0,Ativo,—,<400,12–24m
772,Curitiba,21,6,4.6,635.31,1,1,1,0,Ativo,—,600–800,12–24m
773,São Paulo,8,4,4.6,722.08,0,1,1,0,Ativo,—,600–800,6–12m
774,São Paulo,7,1,4.6,801.48,2,1,1,0,Ativo,—,800–1k,6–12m
775,Belo Horizonte,23,7,4.6,516.82,1,0,0,0,Ativo,—,400–600,12–24m
776,São Paulo,32,3,4.6,926.86,0,1,1,0,Ativo,—,800–1k,24–36m
777,São Paulo,11,4,4.6,421.23,1,0,0,0,Ativo,—,400–600,6–12m
778,Belo Horizonte,22,6,4.6,586.77,1,0,1,0,Ativo,—,400–600,12–24m
779,Belo Horizonte,22,3,4.6,824.15,2,0,1,0,Ativo,—,800–1k,12–24m
780,Rio de Janeiro,25,1,4.6,908.04,2,0,1,0,Ativo,—,800–1k,24–36m
781,Belo Horizonte,22,4,4.6,419.2,2,0,1,0,Ativo,—,400–600,12–24m
782,Rio de Janeiro,28,9,4.6,1229.01,0,0,1,0,Ativo,—,>1k,24–36m
783,São Paulo,29,6,4.6,520.5,3,0,1,0,Ativo,—,400–600,24–36m
784,São Paulo,13,6,4.6,437.56,1,0,1,0,Ativo,—,400–600,12–24m
785,São Paulo,18,6,4.6,800.54,1,1,1,0,Ativo,—,800–1k,12–24m
786,Fortaleza,2,2,4.6,630.34,3,0,1,0,Ativo,—,600–800,0–3m
787,Rio de Janeiro,29,4,4.6,600.79,1,0,0,0,Ativo,—,600–800,24–36m
788,Rio de Janeiro,21,7,4.6,819.13,0,0,0,0,Ativo,—,800–1k,12–24m
789,Rio de Janeiro,15,1,4.6,394.54,1,1,0,1,Inativo (Churn),Baixa remuneração,<400,12–24m
790,Fortaleza,27,3,4.6,359.57,2,0,1,0,Ativo,—,<400,24–36m
791,São Paulo,31,3,4.6,580.52,2,0,1,0,Ativo,—,400–600,24–36m
792,Rio de Janeiro,15,4,4.6,915.58,1,0,1,0,Ativo,—,800–1k,12–24m
793,Rio de Janeiro,23,10,4.6,589.19,1,1,1,0,Ativo,—,400–600,12–24m
794,Rio de Janeiro,24,1,4.6,1019.83,4,0,1,0,Ativo,—,>1k,12–24m
795,São Paulo,13,5,4.6,940.2,3,1,0,0,Ativo,—,800–1k,12–24m
796,Curitiba,22,2,4.6,756.59,0,0,0,0,Ativo,—,600–800,12–24m
797,Fortaleza,33,9,4.6,767.94,1,0,0,0,Ativo,—,600–800,24–36m
798,Rio de Janeiro,3,1,4.6,756.4,3,0,0,0,Ativo,—,600–800,0–3m
799,Belo Horizonte,19,4,4.6,731.94,3,0,1,0,Ativo,—,600–800,12–24m
800,Fortaleza,23,6,4.6,626.75,1,0,1,0,Ativo,—,600–800,12–24m
801,Belo Horizonte,29,6,4.6,649.96,2,0,1,0,Ativo,—,600–800,24–36m
802,São Paulo,30,4,4.6,486.01,3,0,1,0,Ativo,—,400–600,24–36m
803,Rio de Janeiro,25,3,4.6,257.99,1,1,1,0,Ativo,—,<400,24–36m
804,Rio de Janeiro,8,4,4.6,920.81,0,0,0,0,Ativo,—,800–1k,6–12m
805,Rio de Janeiro,16,3,4.6,731.45,2,1,1,0,Ativo,—,600–800,12–24m
806,Belo Horizonte,8,2,4.6,701.24,3,0,0,1,Inativo (Churn),Baixa remuneração,600–800,6–12m
807,Fortaleza,1,4,4.6,779.69,2,0,0,0,Ativo,—,600–800,0–3m
808,Fortaleza,5,3,4.6,534.32,3,0,0,0,Ativo,—,400–600,3–6m
809,Rio de Janeiro,3,3,4.6,499.79,0,0,1,0,Ativo,—,400–600,0–3m
810,São Paulo,1,6,4.6,643.26,2,0,0,0,Ativo,—,600–800,0–3m
811,Recife,4,9,4.6,973.62,4,0,0,1,Inativo (Churn),Baixa remuneração,800–1k,3–6m
812,Curitiba,35,5,4.6,466.25,4,1,1,1,Inativo (Churn),Baixa remuneração,400–600,24–36m
813,São Paulo,32,1,4.6,174.59,2,1,1,0,Ativo,—,<400,24–36m
814,Fortaleza,34,1,4.6,595.72,2,0,0,0,Ativo,—,400–600,24–36m
815,Curitiba,25,9,4.6,928.54,1,1,0,0,Ativo,—,800–1k,24–36m
816,Rio de Janeiro,10,3,4.6,353.49,1,1,1,0,Ativo,—,<400,6–12m
817,Rio de Janeiro,21,1,4.6,463.94,0,0,0,1,Inativo (Churn),Problemas com suporte,400–600,12–24m
818,São Paulo,27,5,4.6,752.71,2,1,1,0,Ativo,—,600–800,24–36m
819,São Paulo,27,5,4.6,1213.98,0,0,1,0,Ativo,—,>1k,24–36m
820,São Paulo,2,6,4.6,428.36,1,0,0,0,Ativo,—,400–600,0–3m
821,Curitiba,13,3,4.6,420.61,3,0,0,0,Ativo,—,400–600,12–24m
822,São Paulo,9,0,4.6,767.74,0,0,0,0,Ativo,—,600–800,6–12m
823,São Paulo,36,9,4.6,940.93,2,0,0,0,Ativo,—,800–1k,24–36m
824,São Paulo,22,3,4.6,575.18,1,0,0,0,Ativo,—,400–600,12–24m
825,Rio de Janeiro,26,6,4.6,375.72,2,1,1,0,Ativo,—,<400,24–36m
826,Fortaleza,12,6,4.6,786.75,0,1,0,0,Ativo,—,600–800,6–12m
827,São Paulo,17,5,4.6,822.97,2,1,1,0,Ativo,—,800–1k,12–24m
828,São Paulo,14,3,4.6,1055.73,1,1,1,0,Ativo,—,>1k,12–24m
829,Belo Horizonte,14,3,4.6,831.39,3,1,0,0,Ativo,—,800–1k,12–24m
830,Rio de Janeiro,34,5,4.6,865.61,3,0,0,0,Ativo,—,800–1k,24–36m
831,São Paulo,20,8,4.6,647.57,2,0,0,0,Ativo,—,600–800,12–24m
832,Rio de Janeiro,11,9,4.6,1188.3,2,0,0,0,Ativo,—,>1k,6–12m
833,São Paulo,16,1,4.6,620.37,2,1,1,1,Inativo (Churn),Migrou p/ concorrente,600–800,12–24m
834,São Paulo,31,2,4.6,577.62,0,0,0,0,Ativo,—,400–600,24–36m
835,Rio de Janeiro,6,9,4.6,1061.9,2,1,1,0,Ativo,—,>1k,3–6m
836,Rio de Janeiro,19,6,4.6,405.15,2,0,0,0,Ativo,—,400–600,12–24m
837,Fortaleza,4,8,4.6,330.52,1,0,1,0,Ativo,—,<400,3–6m
838,São Paulo,4,2,4.6,723.91,3,1,1,0,Ativo,—,600–800,3–6m
839,Rio de Janeiro,20,5,4.6,699.65,1,0,1,0,Ativo,—,600–800,12–24m
840,Rio de Janeiro,10,6,4.6,654.42,1,0,0,0,Ativo,—,600–800,6–12m
841,São Paulo,24,6,4.6,898.79,2,0,0,0,Ativo,—,800–1k,12–24m
842,Belo Horizonte,35,4,4.6,518.36,1,0,1,0,Ativo,—,400–600,24–36m
843,São Paulo,26,0,4.6,712.83,1,1,0,0,Ativo,—,600–800,24–36m
844,Recife,21,5,4.6,627.98,0,0,0,0,Ativo,—,600–800,12–24m
845,São Paulo,21,3,4.6,521.76,3,0,1,0,Ativo,—,400–600,12–24m
846,Rio de Janeiro,10,4,4.6,687.63,2,0,1,0,Ativo,—,600–800,6–12m
847,São Paulo,4,9,4.6,870.52,2,1,1,0,Ativo,—,800–1k,3–6m
848,Recife,20,4,4.6,1124.11,4,0,1,0,Ativo,—,>1k,12–24m
849,Rio de Janeiro,17,7,4.6,815.88,1,0,1,0,Ativo,—,800–1k,12–24m
850,Rio de Janeiro,7,2,4.6,197.83,3,1,1,1,Inativo (Churn),Baixa remuneração,<400,6–12m
851,São Paulo,4,6,4.6,692.37,2,0,1,0,Ativo,—,600–800,3–6m
852,Belo Horizonte,29,9,4.6,709.96,2,1,1,0,Ativo,—,600–800,24–36m
853,São Paulo,14,1,4.6,887.24,1,0,1,0,Ativo,—,800–1k,12–24m
854,Curitiba,3,0,4.6,736.96,3,0,0,0,Ativo,—,600–800,0–3m
855,São Paulo,24,4,4.6,950.62,1,0,0,0,Ativo,—,800–1k,12–24m
856,São Paulo,16,1,4.6,778.33,2,1,1,0,Ativo,—,600–800,12–24m
857,São Paulo,4,6,4.6,1011.76,1,1,1,0,Ativo,—,>1k,3–6m
858,Rio de Janeiro,24,8,4.6,612.25,3,0,0,0,Ativo,—,600–800,12–24m
859,Rio de Janeiro,34,4,4.6,728.87,3,0,1,0,Ativo,—,600–800,24–36m
860,São Paulo,30,3,4.6,865.33,1,1,0,0,Ativo,—,800–1k,24–36m
861,Belo Horizonte,18,4,4.6,585.56,2,1,1,0,Ativo,—,400–600,12–24m
862,Rio de Janeiro,19,6,4.6,542.0,0,1,1,0,Ativo,—,400–600,12–24m
863,Rio de Janeiro,31,0,4.6,574.13,2,0,1,0,Ativo,—,400–600,24–36m
864,Rio de Janeiro,19,5,4.6,550.16,2,1,0,0,Ativo,—,400–600,12–24m
865,Rio de Janeiro,19,5,4.6,804.51,0,0,1,0,Ativo,—,800–1k,12–24m
866,Rio de Janeiro,22,6,4.6,333.04,3,0,0,0,Ativo,—,<400,12–24m
867,São Paulo,24,3,4.6,388.81,4,0,0,0,Ativo,—,<400,12–24m
868,São Paulo,12,6,4.6,1072.55,0,1,0,0,Ativo,—,>1k,6–12m
869,Curitiba,30,1,4.6,554.98,3,0,1,0,Ativo,—,400–600,24–36m
870,Fortaleza,31,2,4.6,740.0,1,0,1,0,Ativo,—,600–800,24–36m
871,São Paulo,36,8,4.6,402.17,2,1,0,0,Ativo,—,400–600,24–36m
872,São Paulo,19,6,4.6,718.82,3,0,1,0,Ativo,—,600–800,12–24m
873,Rio de Janeiro,36,0,4.6,556.2,2,1,1,0,Ativo,—,400–600,24–36m
874,Rio de Janeiro,30,3,4.6,387.38,0,1,1,0,Ativo,—,<400,24–36m
875,São Paulo,33,2,4.6,967.38,0,0,1,0,Ativo,—,800–1k,24–36m
876,São Paulo,18,3,4.6,936.51,1,1,0,0,Ativo,—,800–1k,12–24m
877,Belo Horizonte,28,3,4.6,678.53,4,1,1,1,Inativo (Churn),Muitos cancelamentos,600–800,24–36m
878,Belo Horizonte,11,1,4.6,899.88,1,1,1,1,Inativo (Churn),Migrou p/ concorrente,800–1k,6–12m
879,São Paulo,33,4,4.6,1080.66,0,1,0,0,Ativo,—,>1k,24–36m
880,São Paulo,17,6,4.6,850.82,2,1,0,0,Ativo,—,800–1k,12–24m
881,São Paulo,6,5,4.6,795.94,0,0,0,0,Ativo,—,600–800,3–6m
882,Belo Horizonte,4,6,4.6,739.79,3,0,0,0,Ativo,—,600–800,3–6m
883,São Paulo,20,1,4.6,829.9,3,1,1,0,Ativo,—,800–1k,12–24m
884,São Paulo,27,9,4.6,627.22,2,0,1,0,Ativo,—,600–800,24–36m
885,Belo Horizonte,15,7,4.6,644.67,4,0,1,0,Ativo,—,600–800,12–24m
886,São Paulo,6,7,4.6,790.18,0,1,1,0,Ativo,—,600–800,3–6m
887,Belo Horizonte,14,7,4.6,605.23,4,1,0,0,Ativo,—,600–800,12–24m
888,São Paulo,11,9,4.6,626.84,1,0,1,0,Ativo,—,600–800,6–12m
889,São Paulo,9,5,4.6,700.04,2,1,0,0,Ativo,—,600–800,6–12m
890,São Paulo,26,2,4.6,930.12,1,1,1,0,Ativo,—,800–1k,24–36m
891,Belo Horizonte,16,5,4.6,473.47,1,0,0,0,Ativo,—,400–600,12–24m
892,Curitiba,5,6,4.6,851.84,4,1,1,1,Inativo (Churn),Outros,800–1k,3–6m
893,Curitiba,10,6,4.6,858.36,0,0,0,0,Ativo,—,800–1k,6–12m
894,São Paulo,3,5,4.6,857.16,0,0,0,0,Ativo,—,800–1k,0–3m
895,Belo Horizonte,13,1,4.6,538.65,3,0,0,0,Ativo,—,400–600,12–24m
896,São Paulo,30,4,4.6,361.46,1,0,1,0,Ativo,—,<400,24–36m
897,São Paulo,6,8,4.6,811.94,2,0,1,0,Ativo,—,800–1k,3–6m
898,Curitiba,17,5,4.6,737.51,1,1,0,1,Inativo (Churn),Problemas com suporte,600–800,12–24m
899,São Paulo,19,5,4.6,900.88,2,1,1,0,Ativo,—,800–1k,12–24m
900,São Paulo,35,3,4.6,559.89,3,0,1,0,Ativo,—,400–600,24–36m
901,São Paulo,26,4,4.6,852.02,3,1,1,0,Ativo,—,800–1k,24–36m
902,São Paulo,5,8,4.6,910.88,1,0,1,0,Ativo,—,800–1k,3–6m
903,São Paulo,29,6,4.6,680.94,1,0,0,0,Ativo,—,600–800,24–36m
904,Rio de Janeiro,20,7,4.6,783.39,1,1,0,0,Ativo,—,600–800,12–24m
905,Rio de Janeiro,21,4,4.6,776.39,2,0,1,0,Ativo,—,600–800,12–24m
906,Curitiba,10,6,4.6,535.71,2,0,1,0,Ativo,—,400–600,6–12m
907,Curitiba,5,3,4.6,806.22,4,1,1,1,Inativo (Churn),Baixa remuneração,800–1k,3–6m
908,São Paulo,36,6,4.6,1024.5,4,0,1,0,Ativo,—,>1k,24–36m
909,São Paulo,6,4,4.6,704.44,4,1,0,0,Ativo,—,600–800,3–6m
910,São Paulo,26,4,4.6,407.82,2,0,1,0,Ativo,—,400–600,24–36m
911,Rio de Janeiro,4,6,4.6,562.55,2,0,0,0,Ativo,—,400–600,3–6m
912,São Paulo,35,9,4.6,344.11,0,0,1,0,Ativo,—,<400,24–36m
913,Rio de Janeiro,1,1,4.6,958.05,2,0,1,0,Ativo,—,800–1k,0–3m
914,Rio de Janeiro,24,7,4.6,852.82,1,0,1,0,Ativo,—,800–1k,12–24m
915,Rio de Janeiro,36,3,4.6,599.73,2,0,1,0,Ativo,—,400–600,24–36m
916,Rio de Janeiro,6,4,4.6,416.39,2,1,0,0,Ativo,—,400–600,3–6m
917,São Paulo,31,0,4.6,533.34,1,1,0,0,Ativo,—,400–600,24–36m
918,Fortaleza,20,3,4.6,572.34,5,0,1,0,Ativo,—,400–600,12–24m
919,Belo Horizonte,24,5,4.6,721.88,1,0,1,0,Ativo,—,600–800,12–24m
920,São Paulo,25,1,4.6,715.15,3,0,0,0,Ativo,—,600–800,24–36m
921,Curitiba,36,5,4.6,968.29,2,1,1,0,Ativo,—,800–1k,24–36m
922,Rio de Janeiro,21,8,4.6,561.45,3,1,1,0,Ativo,—,400–600,12–24m
923,Curitiba,30,1,4.6,398.36,4,0,0,0,Ativo,—,<400,24–36m
924,Belo Horizonte,24,7,4.6,468.6,1,1,0,1,Inativo (Churn),Migrou p/ concorrente,400–600,12–24m
925,Rio de Janeiro,30,4,4.6,695.4,0,0,1,0,Ativo,—,600–800,24–36m
926,São Paulo,22,6,4.6,554.26,4,0,1,0,Ativo,—,400–600,12–24m
927,São Paulo,28,3,4.6,641.6,3,0,1,0,Ativo,—,600–800,24–36m
928,Rio de Janeiro,7,2,4.6,609.19,1,0,1,0,Ativo,—,600–800,6–12m
929,Rio de Janeiro,35,2,4.6,898.05,2,0,0,1,Inativo (Churn),Problemas com suporte,800–1k,24–36m
930,São Paulo,28,1,4.6,582.61,4,0,1,0,Ativo,—,400–600,24–36m
931,São Paulo,14,2,4.6,624.53,3,1,0,1,Inativo (Churn),Baixa remuneração,600–800,12–24m
932,Curitiba,10,6,4.6,843.46,1,0,0,0,Ativo,—,800–1k,6–12m
933,Recife,16,8,4.6,587.0,0,0,1,0,Ativo,—,400–600,12–24m
934,Rio de Janeiro,16,7,4.6,784.64,4,0,1,0,Ativo,—,600–800,12–24m
935,São Paulo,31,6,4.6,766.3,1,0,0,0,Ativo,—,600–800,24–36m
936,São Paulo,25,1,4.6,728.35,1,0,0,1,Inativo (Churn),Baixa remuneração,600–800,24–36m
937,São Paulo,13,3,4.6,473.12,3,0,1,0,Ativo,—,400–600,12–24m
938,Fortaleza,6,3,4.6,945.95,3,0,1,0,Ativo,—,800–1k,3–6m
939,São Paulo,9,3,4.6,1144.14,2,0,1,0,Ativo,—,>1k,6–12m
940,Rio de Janeiro,36,5,4.6,701.77,0,0,1,0,Ativo,—,600–800,24–36m
941,São Paulo,20,5,4.6,490.73,3,0,1,0,Ativo,—,400–600,12–24m
942,Rio de Janeiro,18,4,4.6,705.82,1,1,1,0,Ativo,—,600–800,12–24m
943,Belo Horizonte,21,4,4.6,897.97,1,1,0,0,Ativo,—,800–1k,12–24m
944,Curitiba,4,7,4.6,576.96,2,0,0,0,Ativo,—,400–600,3–6m
945,São Paulo,33,7,4.6,674.22,1,0,0,0,Ativo,—,600–800,24–36m
946,São Paulo,27,3,4.6,768.13,1,0,1,0,Ativo,—,600–800,24–36m
947,São Paulo,7,8,4.6,940.61,2,0,1,0,Ativo,—,800–1k,6–12m
948,Fortaleza,6,9,4.6,855.08,1,0,1,0,Ativo,—,800–1k,3–6m
949,Curitiba,15,3,4.6,863.37,3,0,0,0,Ativo,—,800–1k,12–24m
950,Rio de Janeiro,18,4,4.6,614.75,1,0,0,0,Ativo,—,600–800,12–24m
951,Rio de Janeiro,32,5,4.6,780.38,1,1,0,0,Ativo,—,600–800,24–36m
952,Belo Horizonte,11,9,4.6,555.61,4,0,0,0,Ativo,—,400–600,6–12m
953,São Paulo,20,8,4.6,869.11,1,0,1,0,Ativo,—,800–1k,12–24m
954,Fortaleza,24,1,4.6,930.24,3,0,1,0,Ativo,—,800–1k,12–24m
955,Rio de Janeiro,15,4,4.6,810.67,1,1,1,0,Ativo,—,800–1k,12–24m
956,São Paulo,7,5,4.6,626.52,0,1,1,0,Ativo,—,600–800,6–12m
957,Rio de Janeiro,21,5,4.6,659.25,3,0,1,0,Ativo,—,600–800,12–24m
958,São Paulo,26,2,4.6,1061.3,1,1,1,0,Ativo,—,>1k,24–36m
959,São Paulo,14,8,4.6,629.86,0,0,0,0,Ativo,—,600–800,12–24m
960,Belo Horizonte,21,6,4.6,910.0,3,1,1,0,Ativo,—,800–1k,12–24m
961,São Paulo,18,7,4.6,767.78,1,1,1,0,Ativo,—,600–800,12–24m
962,Rio de Janeiro,5,8,4.6,633.17,1,0,1,0,Ativo,—,600–800,3–6m
963,São Paulo,3,6,4.6,431.07,4,1,0,0,Ativo,—,400–600,0–3m
964,São Paulo,23,4,4.6,742.32,2,0,0,0,Ativo,—,600–800,12–24m
965,São Paulo,26,5,4.6,718.22,3,0,0,0,Ativo,—,600–800,24–36m
966,São Paulo,24,2,4.6,1061.31,2,0,1,0,Ativo,—,>1k,12–24m
967,Belo Horizonte,19,6,4.6,527.96,1,1,0,0,Ativo,—,400–600,12–24m
968,São Paulo,25,2,4.6,1158.95,0,0,1,0,Ativo,—,>1k,24–36m
969,Rio de Janeiro,21,6,4.6,775.76,2,0,1,0,Ativo,—,600–800,12–24m
970,Rio de Janeiro,12,2,4.6,775.57,0,1,0,1,Inativo (Churn),Baixa remuneração,600–800,6–12m
971,Belo Horizonte,33,1,4.6,581.39,3,0,1,1,Inativo (Churn),Baixa remuneração,400–600,24–36m
972,Fortaleza,4,2,4.6,762.94,1,0,1,0,Ativo,—,600–800,3–6m
973,Belo Horizonte,7,0,4.6,794.61,0,0,1,0,Ativo,—,600–800,6–12m
974,São Paulo,22,6,4.6,887.47,1,0,1,0,Ativo,—,800–1k,12–24m
975,São Paulo,33,6,4.6,504.34,1,0,0,0,Ativo,—,400–600,24–36m
976,São Paulo,17,5,4.6,981.36,4,0,0,1,Inativo (Churn),Migrou p/ concorrente,800–1k,12–24m
977,Rio de Janeiro,24,2,4.6,772.28,3,1,1,0,Ativo,—,600–800,12–24m
978,São Paulo,34,1,4.6,821.65,3,1,1,0,Ativo,—,800–1k,24–36m
979,Rio de Janeiro,28,0,4.6,655.81,1,0,1,0,Ativo,—,600–800,24–36m
980,Rio de Janeiro,22,2,4.6,514.37,2,0,1,0,Ativo,—,400–600,12–24m
981,São Paulo,17,8,4.6,714.54,3,0,1,0,Ativo,—,600–800,12–24m
982,Belo Horizonte,34,3,4.6,737.46,3,0,1,0,Ativo,—,600–800,24–36m
983,São Paulo,6,4,4.6,422.91,4,0,1,0,Ativo,—,400–600,3–6m
984,São Paulo,6,1,4.6,858.66,0,0,1,0,Ativo,—,800–1k,3–6m
985,Belo Horizonte,34,2,4.6,899.3,0,1,0,0,Ativo,—,800–1k,24–36m
986,Rio de Janeiro,1,5,4.6,554.07,3,0,1,0,Ativo,—,400–600,0–3m
987,Belo Horizonte,10,5,4.6,495.48,2,0,0,0,Ativo,—,400–600,6–12m
988,Rio de Janeiro,21,3,4.6,639.41,1,1,1,0,Ativo,—,600–800,12–24m
989,São Paulo,5,1,4.6,704.78,1,1,0,0,Ativo,—,600–800,3–6m
990,Curitiba,2,4,4.6,647.17,1,0,1,0,Ativo,—,600–800,0–3m
991,Belo Horizonte,22,3,4.6,687.82,3,1,1,0,Ativo,—,600–800,12–24m
992,Belo Horizonte,2,2,4.6,744.3,1,0,0,1,Inativo (Churn),Migrou p/ concorrente,600–800,0–3m
993,São Paulo,10,9,4.6,426.35,0,1,1,0,Ativo,—,400–600,6–12m
994,Rio de Janeiro,34,5,4.6,449.34,1,0,0,0,Ativo,—,400–600,24–36m
995,São Paulo,16,5,4.6,155.54,5,1,1,0,Ativo,—,<400,12–24m
996,São Paulo,22,4,4.6,888.51,1,1,0,0,Ativo,—,800–1k,12–24m
997,Fortaleza,12,4,4.6,703.05,0,1,0,1,Inativo (Churn),Baixa remuneração,600–800,6–12m
998,São Paulo,24,5,4.6,909.57,3,1,0,1,Inativo (Churn),Problemas com suporte,800–1k,12–24m
999,Fortaleza,10,6,4.6,472.45,2,0,1,0,Ativo,—,400–600,6–12m
1000,Rio de Janeiro,35,6,4.6,704.88,1,0,0,0,Ativo,—,600–800,24–36m
1001,São Paulo,32,2,4.6,742.97,1,0,1,0,Ativo,—,600–800,24–36m
1002,Rio de Janeiro,7,5,4.6,587.64,4,1,0,0,Ativo,—,400–600,6–12m
1003,Curitiba,21,4,4.6,389.31,1,1,0,0,Ativo,—,<400,12–24m
1004,Belo Horizonte,20,8,4.6,1049.17,2,0,0,0,Ativo,—,>1k,12–24m
1005,Curitiba,26,6,4.6,979.86,2,1,0,0,Ativo,—,800–1k,24–36m
1006,Belo Horizonte,4,5,4.6,623.61,1,1,1,0,Ativo,—,600–800,3–6m
1007,Belo Horizonte,22,1,4.6,802.05,4,1,1,0,Ativo,—,800–1k,12–24m
1008,Curitiba,15,5,4.6,603.04,1,1,1,0,Ativo,—,600–800,12–24m
1009,São Paulo,21,1,4.6,500.92,0,0,0,0,Ativo,—,400–600,12–24m
1010,Rio de Janeiro,15,3,4.6,1065.45,2,0,0,0,Ativo,—,>1k,12–24m
1011,São Paulo,22,2,4.6,368.93,0,0,1,0,Ativo,—,<400,12–24m
1012,Recife,28,6,4.6,642.9,3,0,1,0,Ativo,—,600–800,24–36m
1013,Fortaleza,14,2,4.6,716.86,0,0,0,0,Ativo,—,600–800,12–24m
1014,São Paulo,27,4,4.6,1030.25,5,1,1,1,Inativo (Churn),Migrou p/ concorrente,>1k,24–36m
1015,Belo Horizonte,28,8,4.6,879.32,3,1,0,0,Ativo,—,800–1k,24–36m
1016,Fortaleza,26,2,4.6,365.55,1,0,0,1,Inativo (Churn),Baixa remuneração,<400,24–36m
1017,São Paulo,2,5,4.6,699.45,2,0,1,0,Ativo,—,600–800,0–3m
1018,Rio de Janeiro,25,4,4.6,704.21,2,0,0,0,Ativo,—,600–800,24–36m
1019,Fortaleza,3,0,4.6,654.33,2,0,1,0,Ativo,—,600–800,0–3m
1020,São Paulo,8,7,4.6,823.96,1,0,0,0,Ativo,—,800–1k,6–12m
1021,Belo Horizonte,33,1,4.6,418.18,4,0,1,0,Ativo,—,400–600,24–36m
1022,São Paulo,35,4,4.6,618.27,1,0,0,0,Ativo,—,600–800,24–36m
1023,Fortaleza,6,5,4.6,795.76,4,0,1,0,Ativo,—,600–800,3–6m
1024,Recife,23,5,4.6,835.92,0,0,0,0,Ativo,—,800–1k,12–24m
1025,Fortaleza,25,6,4.6,729.88,2,0,1,0,Ativo,—,600–800,24–36m
1026,Rio de Janeiro,19,3,4.6,642.32,2,0,1,0,Ativo,—,600–800,12–24m
1027,Curitiba,5,0,4.6,676.01,1,0,1,1,Inativo (Churn),Baixa remuneração,600–800,3–6m
1028,Curitiba,11,6,4.6,848.08,4,0,1,0,Ativo,—,800–1k,6–12m
1029,São Paulo,12,5,4.6,706.78,2,1,1,0,Ativo,—,600–800,6–12m
1030,Curitiba,10,7,4.6,491.63,4,0,0,1,Inativo (Churn),Baixa remuneração,400–600,6–12m
1031,São Paulo,8,7,4.6,453.3,2,0,0,1,Inativo (Churn),Migrou p/ concorrente,400–600,6–12m
1032,Rio de Janeiro,24,7,4.6,402.07,3,1,0,0,Ativo,—,400–600,12–24m
1033,São Paulo,28,4,4.6,991.12,3,0,0,0,Ativo,—,800–1k,24–36m
1034,São Paulo,36,3,4.6,861.49,1,1,1,0,Ativo,—,800–1k,24–36m
1035,São Paulo,21,7,4.6,678.7,0,0,0,0,Ativo,—,600–800,12–24m
1036,Belo Horizonte,8,4,4.6,609.24,1,0,1,0,Ativo,—,600–800,6–12m
1037,São Paulo,9,2,4.6,585.21,2,0,1,0,Ativo,—,400–600,6–12m
1038,Belo Horizonte,15,8,4.6,918.65,2,0,1,0,Ativo,—,800–1k,12–24m
1039,São Paulo,18,8,4.6,1080.89,4,0,1,0,Ativo,—,>1k,12–24m
1040,São Paulo,20,4,4.6,578.92,1,0,0,0,Ativo,—,400–600,12–24m
1041,Rio de Janeiro,6,1,4.6,927.68,3,0,1,0,Ativo,—,800–1k,3–6m
1042,Belo Horizonte,12,4,4.6,705.6,4,0,0,0,Ativo,—,600–800,6–12m
1043,São Paulo,2,7,4.6,657.51,4,0,1,0,Ativo,—,600–800,0–3m
1044,Rio de Janeiro,7,8,4.6,1000.84,1,1,1,0,Ativo,—,>1k,6–12m
1045,Curitiba,16,2,4.6,697.97,2,0,1,0,Ativo,—,600–800,12–24m
1046,Rio de Janeiro,3,1,4.6,759.27,3,0,0,0,Ativo,—,600–800,0–3m
1047,São Paulo,3,8,4.6,749.65,0,0,0,0,Ativo,—,600–800,0–3m
1048,São Paulo,27,4,4.6,374.88,1,1,0,0,Ativo,—,<400,24–36m
1049,Curitiba,33,5,4.6,757.68,2,0,0,0,Ativo,—,600–800,24–36m
1050,São Paulo,28,9,4.6,587.46,3,0,0,0,Ativo,—,400–600,24–36m
1051,Curitiba,1,1,4.6,415.77,2,0,1,0,Ativo,—,400–600,0–3m
1052,Rio de Janeiro,8,6,4.6,596.57,1,0,0,0,Ativo,—,400–600,6–12m
1053,Fortaleza,32,1,4.6,594.92,1,1,1,1,Inativo (Churn),Baixa remuneração,400–600,24–36m
1054,Belo Horizonte,4,4,4.6,905.98,0,1,1,0,Ativo,—,800–1k,3–6m
1055,Recife,30,7,4.6,487.24,2,0,1,0,Ativo,—,400–600,24–36m
1056,São Paulo,6,4,4.6,542.03,2,0,0,0,Ativo,—,400–600,3–6m
1057,Belo Horizonte,19,10,4.6,747.08,1,1,0,1,Inativo (Churn),Migrou p/ concorrente,600–800,12–24m
1058,Rio de Janeiro,32,5,4.6,434.84,2,0,1,1,Inativo (Churn),Migrou p/ concorrente,400–600,24–36m
1059,Rio de Janeiro,9,3,4.6,568.2,3,1,0,0,Ativo,—,400–600,6–12m
1060,Rio de Janeiro,12,2,4.6,367.1,2,1,1,1,Inativo (Churn),Migrou p/ concorrente,<400,6–12m
1061,Curitiba,11,4,4.6,884.0,2,0,0,0,Ativo,—,800–1k,6–12m
1062,Recife,16,4,4.6,639.73,3,1,1,0,Ativo,—,600–800,12–24m
1063,Belo Horizonte,1,1,4.6,696.82,2,0,1,1,Inativo (Churn),Baixa remuneração,600–800,0–3m
1064,Rio de Janeiro,21,4,4.6,883.2,2,1,1,0,Ativo,—,800–1k,12–24m
1065,Rio de Janeiro,30,4,4.6,555.55,1,0,0,0,Ativo,—,400–600,24–36m
1066,Belo Horizonte,13,6,4.6,637.6,4,0,0,0,Ativo,—,600–800,12–24m
1067,São Paulo,34,6,4.6,488.73,5,0,1,0,Ativo,—,400–600,24–36m
1068,São Paulo,4,6,4.6,488.3,1,1,1,0,Ativo,—,400–600,3–6m
1069,São Paulo,28,0,4.6,515.88,1,0,0,1,Inativo (Churn),Baixa remuneração,400–600,24–36m
1070,São Paulo,31,2,4.6,601.5,4,0,0,0,Ativo,—,600–800,24–36m
1071,São Paulo,27,6,4.6,623.04,2,0,0,0,Ativo,—,600–800,24–36m
1072,São Paulo,5,4,4.6,757.73,4,0,1,0,Ativo,—,600–800,3–6m
1073,São Paulo,25,0,4.6,521.76,3,0,0,0,Ativo,—,400–600,24–36m
1074,São Paulo,3,7,4.6,763.93,2,0,1,0,Ativo,—,600–800,0–3m
1075,Recife,33,7,4.6,797.0,2,0,1,0,Ativo,—,600–800,24–36m
1076,Rio de Janeiro,4,5,4.6,606.44,0,0,1,0,Ativo,—,600–800,3–6m
1077,São Paulo,25,1,4.6,539.06,2,0,1,0,Ativo,—,400–600,24–36m
1078,Belo Horizonte,20,7,4.6,717.02,0,0,1,0,Ativo,—,600–800,12–24m
1079,São Paulo,34,5,4.6,659.42,4,0,1,0,Ativo,—,600–800,24–36m
1080,Fortaleza,26,7,4.6,744.07,3,1,0,0,Ativo,—,600–800,24–36m
1081,Belo Horizonte,5,7,4.6,1013.97,3,0,0,0,Ativo,—,>1k,3–6m
1082,São Paulo,35,7,4.6,713.73,0,1,1,0,Ativo,—,600–800,24–36m
1083,Rio de Janeiro,28,5,4.6,572.15,4,1,1,1,Inativo (Churn),Migrou p/ concorrente,400–600,24–36m
1084,Curitiba,29,2,4.6,521.82,2,0,1,0,Ativo,—,400–600,24–36m
1085,Fortaleza,9,6,4.6,529.56,1,0,0,0,Ativo,—,400–600,6–12m
1086,Rio de Janeiro,6,5,4.6,407.45,1,1,1,0,Ativo,—,400–600,3–6m
1087,Rio de Janeiro,19,6,4.6,886.55,3,0,0,0,Ativo,—,800–1k,12–24m
1088,São Paulo,11,2,4.6,253.34,2,0,1,0,Ativo,—,<400,6–12m
1089,Recife,2,2,4.6,797.62,1,1,0,0,Ativo,—,600–800,0–3m
1090,São Paulo,9,8,4.6,526.39,2,0,1,0,Ativo,—,400–600,6–12m
1091,Fortaleza,21,6,4.6,597.52,1,1,0,0,Ativo,—,400–600,12–24m
1092,Rio de Janeiro,24,8,4.6,520.4,2,0,0,0,Ativo,—,400–600,12–24m
1093,Rio de Janeiro,34,7,4.6,989.17,3,1,1,0,Ativo,—,800–1k,24–36m
1094,Rio de Janeiro,22,5,4.6,703.26,2,0,0,0,Ativo,—,600–800,12–24m
1095,São Paulo,3,6,4.6,858.08,1,0,1,0,Ativo,—,800–1k,0–3m
1096,São Paulo,12,8,4.6,960.11,0,0,1,0,Ativo,—,800–1k,6–12m
1097,São Paulo,28,5,4.6,732.68,0,0,1,0,Ativo,—,600–800,24–36m
1098,São Paulo,30,6,4.6,460.88,1,1,0,1,Inativo (Churn),Muitos cancelamentos,400–600,24–36m
1099,Belo Horizonte,26,2,4.6,655.87,2,0,1,0,Ativo,—,600–800,24–36m
1100,São Paulo,21,4,4.6,551.55,2,1,1,0,Ativo,—,400–600,12–24m
1101,São Paulo,28,6,4.6,599.3,2,0,1,0,Ativo,—,400–600,24–36m
1102,Recife,26,3,4.6,681.08,1,0,1,0,Ativo,—,600–800,24–36m
1103,Curitiba,33,2,4.6,673.17,1,0,0,0,Ativo,—,600–800,24–36m
1104,Fortaleza,21,3,4.6,782.42,2,0,0,0,Ativo,—,600–800,12–24m
1105,Recife,35,3,4.6,811.46,0,0,0,0,Ativo,—,800–1k,24–36m
1106,São Paulo,34,2,4.6,673.17,1,0,0,0,Ativo,—,600–800,24–36m
1107,São Paulo,18,4,4.6,780.69,3,1,0,0,Ativo,—,600–800,12–24m
1108,Belo Horizonte,11,8,4.6,590.13,0,1,1,0,Ativo,—,400–600,6–12m
1109,Belo Horizonte,23,5,4.6,962.96,0,0,1,0,Ativo,—,800–1k,12–24m
1110,São Paulo,22,2,4.6,586.9,1,0,0,0,Ativo,—,400–600,12–24m
1111,Curitiba,17,1,4.6,939.44,1,0,1,0,Ativo,—,800–1k,12–24m
1112,São Paulo,5,6,4.6,404.79,0,0,1,1,Inativo (Churn),Problemas com suporte,400–600,3–6m
1113,São Paulo,11,4,4.6,623.92,2,0,1,0,Ativo,—,600–800,6–12m
1114,Rio de Janeiro,30,7,4.6,633.8,2,0,1,0,Ativo,—,600–800,24–36m
1115,Rio de Janeiro,15,6,4.6,755.8,2,1,1,0,Ativo,—,600–800,12–24m
1116,Rio de Janeiro,27,7,4.6,872.36,0,1,0,0,Ativo,—,800–1k,24–36m
1117,São Paulo,35,3,4.6,450.12,3,0,0,0,Ativo,—,400–600,24–36m
1118,Curitiba,33,6,4.6,478.4,0,0,0,1,Inativo (Churn),Migrou p/ concorrente,400–600,24–36m
1119,São Paulo,20,3,4.6,419.62,2,0,1,0,Ativo,—,400–600,12–24m
1120,São Paulo,16,9,4.6,964.04,3,1,0,0,Ativo,—,800–1k,12–24m
1121,Curitiba,34,6,4.6,759.52,4,0,1,0,Ativo,—,600–800,24–36m
1122,Fortaleza,2,3,4.6,483.13,2,0,0,1,Inativo (Churn),Migrou p/ concorrente,400–600,0–3m
1123,Curitiba,35,3,4.6,611.38,2,1,1,0,Ativo,—,600–800,24–36m
1124,Curitiba,28,2,4.6,936.35,1,0,0,1,Inativo (Churn),Migrou p/ concorrente,800–1k,24–36m
1125,Belo Horizonte,6,6,4.6,644.38,4,0,0,0,Ativo,—,600–800,3–6m
1126,Rio de Janeiro,9,2,4.6,632.56,3,0,0,1,Inativo (Churn),Muitos cancelamentos,600–800,6–12m
1127,São Paulo,20,5,4.6,543.74,3,0,0,0,Ativo,—,400–600,12–24m
1128,Rio de Janeiro,1,3,4.6,495.0,2,0,0,0,Ativo,—,400–600,0–3m
1129,São Paulo,8,6,4.6,936.66,1,0,1,0,Ativo,—,800–1k,6–12m
1130,São Paulo,23,7,4.6,1034.78,3,0,0,0,Ativo,—,>1k,12–24m
1131,Belo Horizonte,3,7,4.6,502.96,1,0,0,0,Ativo,—,400–600,0–3m
1132,Rio de Janeiro,4,7,4.6,980.99,0,1,1,0,Ativo,—,800–1k,3–6m
1133,São Paulo,25,2,4.6,602.52,3,0,0,0,Ativo,—,600–800,24–36m
1134,São Paulo,15,1,4.6,806.73,2,0,1,0,Ativo,—,800–1k,12–24m
1135,Belo Horizonte,21,6,4.6,982.04,3,1,1,0,Ativo,—,800–1k,12–24m
1136,São Paulo,35,4,4.6,670.98,3,1,0,0,Ativo,—,600–800,24–36m
1137,Curitiba,14,4,4.6,634.41,0,1,0,0,Ativo,—,600–800,12–24m
1138,Rio de Janeiro,36,0,4.6,860.22,3,0,0,0,Ativo,—,800–1k,24–36m
1139,Rio de Janeiro,12,3,4.6,478.01,2,0,1,0,Ativo,—,400–600,6–12m
1140,Rio de Janeiro,17,0,4.6,929.41,2,1,1,0,Ativo,—,800–1k,12–24m
1141,Curitiba,9,8,4.6,728.56,3,1,1,0,Ativo,—,600–800,6–12m
1142,São Paulo,35,3,4.6,584.45,1,0,1,0,Ativo,—,400–600,24–36m
1143,Belo Horizonte,13,5,4.6,579.17,1,1,0,0,Ativo,—,400–600,12–24m
1144,Rio de Janeiro,15,0,4.6,423.31,2,0,1,0,Ativo,—,400–600,12–24m
1145,São Paulo,18,6,4.6,592.77,1,1,1,0,Ativo,—,400–600,12–24m
1146,Curitiba,33,3,4.6,647.19,0,1,1,0,Ativo,—,600–800,24–36m
1147,Belo Horizonte,6,8,4.6,487.74,2,1,1,1,Inativo (Churn),Baixa remuneração,400–600,3–6m
1148,Belo Horizonte,27,8,4.6,690.91,4,1,1,0,Ativo,—,600–800,24–36m
1149,Curitiba,23,3,4.6,794.58,2,1,0,0,Ativo,—,600–800,12–24m
1150,Curitiba,27,8,4.6,657.31,0,0,0,0,Ativo,—,600–800,24–36m
1151,Belo Horizonte,34,10,4.6,832.55,1,0,1,0,Ativo,—,800–1k,24–36m
1152,Curitiba,14,7,4.6,538.57,5,0,0,0,Ativo,—,400–600,12–24m
1153,Belo Horizonte,36,7,4.6,900.68,4,0,1,0,Ativo,—,800–1k,24–36m
1154,Belo Horizonte,8,3,4.6,724.36,4,1,0,0,Ativo,—,600–800,6–12m
1155,Rio de Janeiro,35,5,4.6,1009.05,4,0,1,0,Ativo,—,>1k,24–36m
1156,Belo Horizonte,19,1,4.6,1182.84,3,0,1,0,Ativo,—,>1k,12–24m
1157,São Paulo,30,1,4.6,605.95,2,0,0,0,Ativo,—,600–800,24–36m
1158,Curitiba,14,10,4.6,614.19,1,1,1,0,Ativo,—,600–800,12–24m
1159,Curitiba,20,3,4.6,650.75,1,0,1,0,Ativo,—,600–800,12–24m
1160,São Paulo,25,6,4.6,819.14,1,0,1,0,Ativo,—,800–1k,24–36m
1161,Curitiba,24,7,4.6,965.19,0,0,0,0,Ativo,—,800–1k,12–24m
1162,São Paulo,14,8,4.6,569.44,1,1,0,0,Ativo,—,400–600,12–24m
1163,São Paulo,26,10,4.6,776.25,4,0,0,0,Ativo,—,600–800,24–36m
1164,Belo Horizonte,23,3,4.6,672.81,0,1,0,0,Ativo,—,600–800,12–24m
1165,São Paulo,22,0,4.6,823.62,1,0,1,0,Ativo,—,800–1k,12–24m
1166,Curitiba,19,4,4.6,1001.89,3,0,1,0,Ativo,—,>1k,12–24m
1167,Curitiba,3,2,4.6,651.93,1,1,1,0,Ativo,—,600–800,0–3m
1168,Rio de Janeiro,19,0,4.6,366.03,2,0,1,0,Ativo,—,<400,12–24m
1169,São Paulo,9,4,4.6,848.78,1,0,1,0,Ativo,—,800–1k,6–12m
1170,São Paulo,28,7,4.6,533.46,2,0,1,0,Ativo,—,400–600,24–36m
1171,Rio de Janeiro,20,5,4.6,671.38,3,0,1,0,Ativo,—,600–800,12–24m
1172,Recife,7,3,4.6,857.41,1,0,1,0,Ativo,—,800–1k,6–12m
1173,Rio de Janeiro,14,6,4.6,759.48,5,0,1,0,Ativo,—,600–800,12–24m
1174,São Paulo,9,3,4.6,679.66,5,0,0,0,Ativo,—,600–800,6–12m
1175,Rio de Janeiro,19,0,4.6,584.82,1,0,0,0,Ativo,—,400–600,12–24m
1176,Rio de Janeiro,14,7,4.6,120.02,0,1,1,1,Inativo (Churn),Outros,<400,12–24m
1177,Belo Horizonte,36,5,4.6,839.66,1,1,1,0,Ativo,—,800–1k,24–36m
1178,São Paulo,17,7,4.6,649.41,3,0,1,0,Ativo,—,600–800,12–24m
1179,Belo Horizonte,30,0,4.6,1002.67,1,0,1,0,Ativo,—,>1k,24–36m
1180,Rio de Janeiro,9,7,4.6,779.61,0,0,0,0,Ativo,—,600–800,6–12m
1181,Recife,33,5,4.6,591.77,3,0,1,0,Ativo,—,400–600,24–36m
1182,São Paulo,25,5,4.6,913.37,2,0,0,0,Ativo,—,800–1k,24–36m
1183,Rio de Janeiro,14,5,4.6,930.23,0,0,1,0,Ativo,—,800–1k,12–24m
1184,Fortaleza,11,8,4.6,656.19,0,0,1,0,Ativo,—,600–800,6–12m
1185,São Paulo,35,5,4.6,938.73,1,0,0,0,Ativo,—,800–1k,24–36m
1186,Fortaleza,14,5,4.6,588.94,2,0,1,0,Ativo,—,400–600,12–24m
1187,Belo Horizonte,30,10,4.6,731.93,1,1,1,0,Ativo,—,600–800,24–36m
1188,São Paulo,4,7,4.6,814.28,0,0,0,0,Ativo,—,800–1k,3–6m
1189,São Paulo,4,4,4.6,856.96,3,0,1,0,Ativo,—,800–1k,3–6m
1190,Belo Horizonte,28,6,4.6,824.3,0,1,1,0,Ativo,—,800–1k,24–36m
1191,São Paulo,8,4,4.6,633.47,2,0,1,0,Ativo,—,600–800,6–12m
1192,Rio de Janeiro,2,2,4.6,918.74,1,0,0,0,Ativo,—,800–1k,0–3m
1193,São Paulo,22,5,4.6,675.11,1,0,0,0,Ativo,—,600–800,12–24m
1194,Rio de Janeiro,16,8,4.6,586.19,3,0,1,0,Ativo,—,400–600,12–24m
1195,São Paulo,29,8,4.6,589.13,2,0,0,0,Ativo,—,400–600,24–36m
1196,Curitiba,30,3,4.6,1088.0,3,1,1,0,Ativo,—,>1k,24–36m
1197,Recife,12,5,4.6,551.6,3,0,0,0,Ativo,—,400–600,6–12m
1198,Recife,35,2,4.6,958.33,5,0,1,0,Ativo,—,800–1k,24–36m
1199,Belo Horizonte,11,10,4.6,472.91,2,1,1,0,Ativo,—,400–600,6–12m
1200,São Paulo,21,10,4.6,797.58,0,1,0,0,Ativo,—,600–800,12–24m
